origin_id,destination_id,fare
1,1,0.8
2,1,1.3
3,1,1.8
4,1,1.9
5,1,2.5
6,1,2.7
7,1,2.6
8,1,2.7
9,1,2.9
10,1,3.1
11,1,3.3
12,1,3.1
13,1,3.2
14,1,3.4
15,1,3.6
16,1,3.8
17,1,3.8
18,1,3.5
19,1,3.6
20,1,3.1
21,1,3.2
22,1,3.4
23,1,3.5
24,1,3.6
25,1,3.7
26,1,3.9
27,1,4.1
28,1,4.2
29,1,4.3
30,1,4.4
31,1,4.6
32,1,4.7
33,1,4.8
34,1,4.9
35,1,5.1
36,1,5.2
37,1,5.3
38,1,5.7
39,1,6.3
40,1,6.0
41,1,5.8
42,1,6.0
43,1,5.7
44,1,5.9
45,1,5.6
46,1,5.2
47,1,5.3
48,1,4.6
49,1,4.4
50,1,3.7
51,1,3.4
52,1,3.5
53,1,3.8
54,1,4.1
55,1,4.4
56,1,4.4
57,1,4.9
58,1,5.1
59,1,5.4
60,1,5.8
61,1,6.3
62,1,6.2
63,1,6.5
64,1,6.7
65,1,6.6
66,1,7.1
67,1,7.2
68,1,6.8
1,2,1.3
2,2,0.8
3,2,1.4
4,2,1.6
5,2,2.1
6,2,2.4
7,2,2.5
8,2,2.7
9,2,2.6
10,2,2.8
11,2,3.0
12,2,3.2
13,2,3.4
14,2,3.2
15,2,3.4
16,2,3.5
17,2,3.5
18,2,3.3
19,2,3.4
20,2,3.7
21,2,3.8
22,2,3.2
23,2,3.3
24,2,3.4
25,2,3.7
26,2,3.8
27,2,3.9
28,2,4.1
29,2,4.2
30,2,4.3
31,2,4.5
32,2,4.5
33,2,4.7
34,2,4.8
35,2,4.9
36,2,5.1
37,2,5.1
38,2,5.4
39,2,6.0
40,2,5.7
41,2,5.6
42,2,5.7
43,2,5.5
44,2,5.6
45,2,5.3
46,2,5.0
47,2,5.0
48,2,4.4
49,2,4.2
50,2,3.5
51,2,3.2
52,2,3.6
53,2,3.9
54,2,4.3
55,2,4.6
56,2,4.6
57,2,5.1
58,2,5.3
59,2,5.6
60,2,5.9
61,2,6.4
62,2,6.4
63,2,6.7
64,2,6.8
65,2,6.7
66,2,7.2
67,2,7.3
68,2,7.0
1,3,1.8
2,3,1.4
3,3,0.8
4,3,1.6
5,3,1.8
6,3,1.9
7,3,2.0
8,3,2.2
9,3,2.5
10,3,2.7
11,3,2.6
12,3,2.8
13,3,3.0
14,3,3.2
15,3,3.1
16,3,3.2
17,3,3.2
18,3,3.6
19,3,3.7
20,3,3.4
21,3,3.5
22,3,3.7
23,3,3.1
24,3,3.2
25,3,3.5
26,3,3.6
27,3,3.7
28,3,3.9
29,3,4.0
30,3,4.1
31,3,4.3
32,3,4.4
33,3,4.5
34,3,4.6
35,3,4.8
36,3,4.9
37,3,4.9
38,3,5.5
39,3,6.1
40,3,5.8
41,3,5.7
42,3,5.8
43,3,5.6
44,3,5.7
45,3,5.4
46,3,5.1
47,3,5.1
48,3,4.5
49,3,4.2
50,3,3.6
51,3,3.2
52,3,3.3
53,3,3.6
54,3,3.9
55,3,4.2
56,3,4.2
57,3,4.7
58,3,4.9
59,3,5.2
60,3,5.6
61,3,6.1
62,3,6.0
63,3,6.3
64,3,6.5
65,3,6.4
66,3,6.9
67,3,7.0
68,3,6.6
1,4,1.9
2,4,1.6
3,4,1.8
4,4,0.8
5,4,1.5
6,4,1.8
7,4,1.8
8,4,2.0
9,4,2.2
10,4,2.4
11,4,2.6
12,4,2.6
13,4,2.8
14,4,3.0
15,4,3.3
16,4,3.1
17,4,3.3
18,4,3.4
19,4,3.5
20,4,3.3
21,4,3.4
22,4,3.6
23,4,3.7
24,4,3.1
25,4,3.3
26,4,3.3
27,4,3.5
28,4,3.6
29,4,3.8
30,4,3.8
31,4,4.0
32,4,4.1
33,4,4.2
34,4,4.3
35,4,4.5
36,4,4.8
37,4,4.8
38,4,5.3
39,4,5.9
40,4,5.6
41,4,5.5
42,4,5.6
43,4,5.4
44,4,5.5
45,4,5.2
46,4,4.9
47,4,4.9
48,4,4.3
49,4,4.0
50,4,3.4
51,4,3.0
52,4,3.1
53,4,3.4
54,4,3.7
55,4,4.0
56,4,4.0
57,4,4.5
58,4,4.7
59,4,5.0
60,4,5.4
61,4,5.9
62,4,5.8
63,4,6.1
64,4,6.2
65,4,6.1
66,4,6.6
67,4,6.8
68,4,6.4
1,5,2.5
2,5,2.1
3,5,1.8
4,5,1.5
5,5,0.8
6,5,1.1
7,5,1.2
8,5,1.4
9,5,1.7
10,5,1.8
11,5,2.1
12,5,2.3
13,5,2.6
14,5,2.8
15,5,2.8
16,5,3.0
17,5,3.2
18,5,3.4
19,5,3.1
20,5,3.5
21,5,3.6
22,5,3.3
23,5,3.4
24,5,3.5
25,5,3.7
26,5,3.8
27,5,3.2
28,5,3.4
29,5,3.5
30,5,3.6
31,5,3.8
32,5,3.9
33,5,4.0
34,5,4.1
35,5,4.3
36,5,4.4
37,5,4.5
38,5,5.2
39,5,5.8
40,5,5.5
41,5,5.3
42,5,5.5
43,5,5.2
44,5,5.3
45,5,5.1
46,5,4.7
47,5,4.8
48,5,4.1
49,5,3.9
50,5,3.2
51,5,2.8
52,5,2.8
53,5,3.2
54,5,3.6
55,5,3.9
56,5,3.9
57,5,4.3
58,5,4.6
59,5,4.8
60,5,5.2
61,5,5.7
62,5,5.6
63,5,5.9
64,5,6.1
65,5,6.0
66,5,6.5
67,5,6.6
68,5,6.2
1,6,2.7
2,6,2.4
3,6,1.9
4,6,1.8
5,6,1.1
6,6,0.8
7,6,1.0
8,6,1.2
9,6,1.5
10,6,1.7
11,6,1.8
12,6,2.1
13,6,2.4
14,6,2.6
15,6,2.6
16,6,2.8
17,6,3.1
18,6,3.2
19,6,3.4
20,6,3.3
21,6,3.4
22,6,3.7
23,6,3.3
24,6,3.4
25,6,3.6
26,6,3.7
27,6,3.2
28,6,3.3
29,6,3.4
30,6,3.5
31,6,3.7
32,6,3.8
33,6,3.9
34,6,4.0
35,6,4.2
36,6,4.3
37,6,4.5
38,6,5.0
39,6,5.6
40,6,5.3
41,6,5.1
42,6,5.3
43,6,5.0
44,6,5.1
45,6,4.8
46,6,4.5
47,6,4.6
48,6,3.9
49,6,3.7
50,6,3.0
51,6,2.6
52,6,2.6
53,6,2.9
54,6,3.4
55,6,3.6
56,6,3.7
57,6,4.1
58,6,4.3
59,6,4.6
60,6,5.0
61,6,5.5
62,6,5.4
63,6,5.7
64,6,5.9
65,6,5.8
66,6,6.3
67,6,6.4
68,6,6.0
1,7,2.6
2,7,2.5
3,7,2.0
4,7,1.8
5,7,1.2
6,7,1.0
7,7,0.8
8,7,1.1
9,7,1.3
10,7,1.6
11,7,1.8
12,7,1.9
13,7,2.2
14,7,2.5
15,7,2.8
16,7,2.7
17,7,3.0
18,7,3.1
19,7,3.3
20,7,3.2
21,7,3.4
22,7,3.6
23,7,3.2
24,7,3.4
25,7,3.5
26,7,3.6
27,7,3.8
28,7,3.2
29,7,3.4
30,7,3.5
31,7,3.6
32,7,3.7
33,7,3.9
34,7,3.9
35,7,4.1
36,7,4.3
37,7,4.4
38,7,4.8
39,7,5.4
40,7,5.1
41,7,5.0
42,7,5.1
43,7,4.9
44,7,5.0
45,7,4.7
46,7,4.4
47,7,4.4
48,7,3.8
49,7,3.6
50,7,2.8
51,7,2.5
52,7,2.5
53,7,2.8
54,7,3.2
55,7,3.5
56,7,3.5
57,7,4.0
58,7,4.2
59,7,4.5
60,7,4.9
61,7,5.4
62,7,5.3
63,7,5.6
64,7,5.7
65,7,5.6
66,7,6.1
67,7,6.3
68,7,5.9
1,8,2.7
2,8,2.7
3,8,2.2
4,8,2.0
5,8,1.4
6,8,1.2
7,8,1.1
8,8,0.8
9,8,1.1
10,8,1.3
11,8,1.6
12,8,1.8
13,8,2.0
14,8,2.3
15,8,2.6
16,8,2.6
17,8,2.8
18,8,3.0
19,8,3.1
20,8,3.1
21,8,3.2
22,8,3.5
23,8,3.7
24,8,3.3
25,8,3.4
26,8,3.5
27,8,3.7
28,8,3.2
29,8,3.3
30,8,3.4
31,8,3.6
32,8,3.6
33,8,3.8
34,8,3.9
35,8,4.0
36,8,4.2
37,8,4.3
38,8,4.7
39,8,5.3
40,8,4.9
41,8,4.8
42,8,5.0
43,8,4.7
44,8,4.8
45,8,4.5
46,8,4.2
47,8,4.3
48,8,3.6
49,8,3.4
50,8,2.6
51,8,2.3
52,8,2.3
53,8,2.6
54,8,2.9
55,8,3.3
56,8,3.3
57,8,3.8
58,8,4.0
59,8,4.3
60,8,4.7
61,8,5.2
62,8,5.1
63,8,5.4
64,8,5.5
65,8,5.5
66,8,5.9
67,8,6.1
68,8,5.7
1,9,2.9
2,9,2.6
3,9,2.5
4,9,2.2
5,9,1.7
6,9,1.5
7,9,1.3
8,9,1.1
9,9,0.8
10,9,1.1
11,9,1.4
12,9,1.6
13,9,1.8
14,9,2.0
15,9,2.4
16,9,2.6
17,9,2.6
18,9,2.9
19,9,2.9
20,9,3.3
21,9,3.1
22,9,3.3
23,9,3.5
24,9,3.7
25,9,3.3
26,9,3.4
27,9,3.6
28,9,3.8
29,9,3.2
30,9,3.3
31,9,3.5
32,9,3.5
33,9,3.7
34,9,3.8
35,9,3.9
36,9,4.1
37,9,4.2
38,9,4.4
39,9,5.0
40,9,4.7
41,9,4.6
42,9,4.7
43,9,4.5
44,9,4.6
45,9,4.3
46,9,4.0
47,9,4.0
48,9,3.4
49,9,3.2
50,9,2.4
51,9,2.0
52,9,2.0
53,9,2.3
54,9,2.7
55,9,3.1
56,9,3.1
57,9,3.6
58,9,3.8
59,9,4.1
60,9,4.4
61,9,4.9
62,9,4.9
63,9,5.2
64,9,5.3
65,9,5.2
66,9,5.7
67,9,5.8
68,9,5.5
1,10,3.1
2,10,2.8
3,10,2.7
4,10,2.4
5,10,1.8
6,10,1.7
7,10,1.6
8,10,1.3
9,10,1.1
10,10,0.8
11,10,1.1
12,10,1.4
13,10,1.7
14,10,1.9
15,10,2.2
16,10,2.4
17,10,2.7
18,10,2.6
19,10,2.7
20,10,3.2
21,10,3.3
22,10,3.2
23,10,3.4
24,10,3.5
25,10,3.8
26,10,3.3
27,10,3.5
28,10,3.7
29,10,3.1
30,10,3.2
31,10,3.4
32,10,3.5
33,10,3.6
34,10,3.7
35,10,3.9
36,10,4.0
37,10,4.1
38,10,4.2
39,10,4.8
40,10,4.5
41,10,4.4
42,10,4.5
43,10,4.3
44,10,4.4
45,10,4.1
46,10,3.8
47,10,3.8
48,10,3.2
49,10,3.0
50,10,2.2
51,10,1.9
52,10,1.9
53,10,2.2
54,10,2.6
55,10,2.9
56,10,2.9
57,10,3.5
58,10,3.7
59,10,4.0
60,10,4.3
61,10,4.8
62,10,4.8
63,10,5.1
64,10,5.2
65,10,5.1
66,10,5.6
67,10,5.7
68,10,5.4
1,11,3.3
2,11,3.0
3,11,2.6
4,11,2.6
5,11,2.1
6,11,1.8
7,11,1.8
8,11,1.8
9,11,1.6
10,11,1.1
11,11,0.8
12,11,1.1
13,11,1.4
14,11,1.7
15,11,1.9
16,11,2.2
17,11,2.5
18,11,2.6
19,11,2.8
20,11,3.0
21,11,3.1
22,11,3.4
23,11,3.2
24,11,3.4
25,11,3.6
26,11,3.7
27,11,3.3
28,11,3.5
29,11,3.7
30,11,3.8
31,11,3.3
32,11,3.4
33,11,3.5
34,11,3.6
35,11,3.8
36,11,3.9
37,11,4.0
38,11,4.1
39,11,4.7
40,11,4.4
41,11,4.2
42,11,4.4
43,11,4.1
44,11,4.2
45,11,4.0
46,11,3.6
47,11,3.7
48,11,3.0
49,11,2.7
50,11,2.0
51,11,1.7
52,11,1.7
53,11,2.0
54,11,2.3
55,11,2.6
56,11,2.6
57,11,3.2
58,11,3.4
59,11,3.7
60,11,4.1
61,11,4.6
62,11,4.5
63,11,4.8
64,11,4.9
65,11,4.8
66,11,5.3
67,11,5.5
68,11,5.1
1,12,3.1
2,12,3.2
3,12,2.8
4,12,2.6
5,12,2.3
6,12,2.1
7,12,1.9
8,12,1.8
9,12,1.6
10,12,1.4
11,12,1.1
12,12,0.8
13,12,1.2
14,12,1.4
15,12,1.8
16,12,1.9
17,12,2.2
18,12,2.4
19,12,2.6
20,12,2.8
21,12,2.9
22,12,3.2
23,12,3.1
24,12,3.2
25,12,3.4
26,12,3.6
27,12,3.8
28,12,3.4
29,12,3.6
30,12,3.7
31,12,3.2
32,12,3.3
33,12,3.4
34,12,3.5
35,12,3.7
36,12,3.8
37,12,4.0
38,12,3.8
39,12,4.4
40,12,4.1
41,12,4.0
42,12,4.1
43,12,3.9
44,12,4.0
45,12,3.7
46,12,3.4
47,12,3.4
48,12,2.7
49,12,2.4
50,12,1.8
51,12,1.4
52,12,1.4
53,12,1.7
54,12,2.1
55,12,2.4
56,12,2.4
57,12,2.8
58,12,3.2
59,12,3.5
60,12,3.8
61,12,4.3
62,12,4.2
63,12,4.5
64,12,4.7
65,12,4.6
66,12,5.1
67,12,5.2
68,12,4.8
1,13,3.2
2,13,3.4
3,13,3.0
4,13,2.8
5,13,2.6
6,13,2.4
7,13,2.2
8,13,2.0
9,13,1.8
10,13,1.7
11,13,1.4
12,13,1.2
13,13,0.8
14,13,1.1
15,13,1.5
16,13,1.8
17,13,2.0
18,13,2.1
19,13,2.3
20,13,2.8
21,13,2.7
22,13,3.0
23,13,3.3
24,13,3.4
25,13,3.3
26,13,3.4
27,13,3.6
28,13,3.3
29,13,3.4
30,13,3.5
31,13,3.8
32,13,3.2
33,13,3.3
34,13,3.4
35,13,3.6
36,13,3.7
37,13,3.8
38,13,3.5
39,13,4.1
40,13,3.8
41,13,3.6
42,13,3.8
43,13,3.6
44,13,3.7
45,13,3.4
46,13,3.1
47,13,3.1
48,13,2.4
49,13,2.1
50,13,1.4
51,13,1.1
52,13,1.1
53,13,1.4
54,13,1.9
55,13,2.0
56,13,2.1
57,13,2.5
58,13,2.7
59,13,3.1
60,13,3.5
61,13,4.0
62,13,3.9
63,13,4.2
64,13,4.4
65,13,4.3
66,13,4.8
67,13,4.9
68,13,4.5
1,14,3.4
2,14,3.2
3,14,3.2
4,14,3.0
5,14,2.8
6,14,2.6
7,14,2.5
8,14,2.3
9,14,2.0
10,14,1.9
11,14,1.7
12,14,1.4
13,14,1.1
14,14,0.8
15,14,1.2
16,14,1.5
17,14,1.8
18,14,1.9
19,14,2.1
20,14,2.6
21,14,2.8
22,14,2.8
23,14,3.1
24,14,3.2
25,14,3.1
26,14,3.2
27,14,3.4
28,14,3.7
29,14,3.3
30,14,3.4
31,14,3.7
32,14,3.8
33,14,3.2
34,14,3.3
35,14,3.5
36,14,3.6
37,14,3.7
38,14,3.2
39,14,3.8
40,14,3.5
41,14,3.4
42,14,3.5
43,14,3.3
44,14,3.4
45,14,3.1
46,14,2.8
47,14,2.7
48,14,2.1
49,14,1.9
50,14,1.2
51,14,0.8
52,14,1.0
53,14,1.3
54,14,1.7
55,14,1.8
56,14,2.1
57,14,2.5
58,14,2.7
59,14,2.8
60,14,3.0
61,14,3.5
62,14,3.3
63,14,3.5
64,14,3.6
65,14,3.3
66,14,3.7
67,14,3.8
68,14,3.2
1,15,3.6
2,15,3.4
3,15,3.1
4,15,3.3
5,15,2.8
6,15,2.6
7,15,2.8
8,15,2.6
9,15,2.4
10,15,2.2
11,15,1.9
12,15,1.8
13,15,1.5
14,15,1.2
15,15,0.8
16,15,1.1
17,15,1.5
18,15,1.6
19,15,1.8
20,15,2.2
21,15,2.4
22,15,2.8
23,15,2.8
24,15,3.0
25,15,3.2
26,15,3.4
27,15,3.2
28,15,3.4
29,15,3.7
30,15,3.8
31,15,3.5
32,15,3.6
33,15,3.8
34,15,3.1
35,15,3.3
36,15,3.5
37,15,3.6
38,15,3.6
39,15,4.2
40,15,3.9
41,15,3.7
42,15,3.9
43,15,3.7
44,15,3.8
45,15,3.5
46,15,3.1
47,15,3.2
48,15,2.5
49,15,2.2
50,15,1.5
51,15,1.2
52,15,1.4
53,15,1.7
54,15,2.1
55,15,2.2
56,15,2.4
57,15,2.8
58,15,3.2
59,15,3.1
60,15,3.4
61,15,3.8
62,15,3.6
63,15,3.9
64,15,4.0
65,15,3.7
66,15,4.1
67,15,4.2
68,15,3.6
1,16,3.8
2,16,3.5
3,16,3.2
4,16,3.1
5,16,3.0
6,16,2.8
7,16,2.7
8,16,2.6
9,16,2.6
10,16,2.4
11,16,2.2
12,16,1.9
13,16,1.8
14,16,1.5
15,16,1.1
16,16,0.8
17,16,1.2
18,16,1.3
19,16,1.5
20,16,2.0
21,16,2.2
22,16,2.5
23,16,2.8
24,16,2.8
25,16,3.0
26,16,3.2
27,16,3.5
28,16,3.3
29,16,3.5
30,16,3.6
31,16,3.3
32,16,3.4
33,16,3.6
34,16,3.7
35,16,3.2
36,16,3.4
37,16,3.5
38,16,3.9
39,16,4.5
40,16,4.2
41,16,4.0
42,16,4.2
43,16,3.9
44,16,4.0
45,16,3.7
46,16,3.4
47,16,3.5
48,16,2.7
49,16,2.5
50,16,1.8
51,16,1.5
52,16,1.7
53,16,2.0
54,16,2.3
55,16,2.5
56,16,2.7
57,16,3.2
58,16,3.4
59,16,3.4
60,16,4.2
61,16,4.7
62,16,4.5
63,16,4.8
64,16,4.9
65,16,4.6
66,16,5.0
67,16,5.2
68,16,4.5
1,17,3.8
2,17,3.5
3,17,3.2
4,17,3.3
5,17,3.2
6,17,3.1
7,17,3.0
8,17,2.8
9,17,2.6
10,17,2.7
11,17,2.5
12,17,2.2
13,17,2.0
14,17,1.8
15,17,1.5
16,17,1.2
17,17,0.8
18,17,1.1
19,17,1.2
20,17,1.8
21,17,1.9
22,17,2.3
23,17,2.6
24,17,2.8
25,17,2.8
26,17,3.0
27,17,3.2
28,17,3.1
29,17,3.3
30,17,3.5
31,17,3.8
32,17,3.3
33,17,3.5
34,17,3.6
35,17,3.1
36,17,3.2
37,17,3.4
38,17,4.2
39,17,4.8
40,17,4.5
41,17,4.3
42,17,4.5
43,17,4.3
44,17,4.4
45,17,4.1
46,17,3.7
47,17,3.8
48,17,3.2
49,17,2.8
50,17,2.1
51,17,1.8
52,17,2.0
53,17,2.3
54,17,2.7
55,17,2.8
56,17,3.2
57,17,3.5
58,17,3.8
59,17,3.7
60,17,4.6
61,17,5.1
62,17,4.9
63,17,5.2
64,17,5.3
65,17,5.0
66,17,5.4
67,17,5.6
68,17,4.9
1,18,3.5
2,18,3.3
3,18,3.6
4,18,3.4
5,18,3.4
6,18,3.2
7,18,3.1
8,18,3.0
9,18,2.8
10,18,2.6
11,18,2.6
12,18,2.4
13,18,2.1
14,18,1.9
15,18,1.6
16,18,1.3
17,18,1.0
18,18,0.8
19,18,1.1
20,18,1.6
21,18,1.7
22,18,2.1
23,18,2.4
24,18,2.6
25,18,2.7
26,18,2.8
27,18,3.1
28,18,3.4
29,18,3.2
30,18,3.3
31,18,3.6
32,18,3.8
33,18,3.4
34,18,3.5
35,18,3.7
36,18,3.2
37,18,3.3
38,18,4.3
39,18,4.9
40,18,4.5
41,18,4.4
42,18,4.6
43,18,4.3
44,18,4.4
45,18,4.1
46,18,3.8
47,18,3.9
48,18,3.2
49,18,3.0
50,18,2.2
51,18,1.9
52,18,2.0
53,18,2.3
54,18,2.7
55,18,3.0
56,18,3.2
57,18,3.6
58,18,3.8
59,18,3.8
60,18,4.7
61,18,5.2
62,18,5.0
63,18,5.2
64,18,5.4
65,18,5.0
66,18,5.5
67,18,5.6
68,18,4.9
1,19,3.6
2,19,3.4
3,19,3.7
4,19,3.5
5,19,3.1
6,19,3.4
7,19,3.3
8,19,3.1
9,19,2.9
10,19,2.7
11,19,2.8
12,19,2.6
13,19,2.3
14,19,2.1
15,19,1.8
16,19,1.5
17,19,1.2
18,19,1.0
19,19,0.8
20,19,1.5
21,19,1.7
22,19,1.9
23,19,2.2
24,19,2.5
25,19,2.8
26,19,2.7
27,19,3.0
28,19,3.3
29,19,3.1
30,19,3.2
31,19,3.5
32,19,3.7
33,19,3.3
34,19,3.4
35,19,3.6
36,19,3.8
37,19,3.3
38,19,4.4
39,19,5.0
40,19,4.7
41,19,4.6
42,19,4.7
43,19,4.5
44,19,4.6
45,19,4.3
46,19,4.0
47,19,4.0
48,19,3.4
49,19,3.2
50,19,2.4
51,19,2.1
52,19,2.2
53,19,2.5
54,19,2.9
55,19,3.2
56,19,3.4
57,19,3.8
58,19,4.0
59,19,4.0
60,19,4.9
61,19,5.4
62,19,5.2
63,19,5.5
64,19,5.6
65,19,5.2
66,19,5.7
67,19,5.8
68,19,5.1
1,20,3.1
2,20,3.7
3,20,3.4
4,20,3.3
5,20,3.5
6,20,3.3
7,20,3.2
8,20,3.1
9,20,3.3
10,20,3.2
11,20,3.0
12,20,2.8
13,20,2.8
14,20,2.6
15,20,2.2
16,20,2.0
17,20,1.8
18,20,1.6
19,20,1.5
20,20,0.8
21,20,1.1
22,20,1.5
23,20,1.8
24,20,1.9
25,20,2.2
26,20,2.4
27,20,2.8
28,20,2.8
29,20,3.1
30,20,3.2
31,20,3.2
32,20,3.3
33,20,3.5
34,20,3.7
35,20,3.4
36,20,3.5
37,20,3.7
38,20,5.0
39,20,5.6
40,20,5.2
41,20,5.1
42,20,5.3
43,20,5.0
44,20,5.1
45,20,4.8
46,20,4.5
47,20,4.6
48,20,3.9
49,20,3.7
50,20,3.0
51,20,2.6
52,20,2.8
53,20,3.1
54,20,3.5
55,20,3.7
56,20,3.9
57,20,4.3
58,20,4.5
59,20,4.5
60,20,5.5
61,20,6.0
62,20,5.8
63,20,6.1
64,20,6.2
65,20,5.9
66,20,6.3
67,20,6.5
68,20,5.8
1,21,3.2
2,21,3.8
3,21,3.5
4,21,3.4
5,21,3.6
6,21,3.4
7,21,3.4
8,21,3.2
9,21,3.1
10,21,3.3
11,21,3.1
12,21,2.9
13,21,2.7
14,21,2.8
15,21,2.4
16,21,2.2
17,21,1.9
18,21,1.7
19,21,1.7
20,21,1.1
21,21,0.8
22,21,1.3
23,21,1.6
24,21,1.7
25,21,2.1
26,21,2.3
27,21,2.6
28,21,2.7
29,21,2.9
30,21,3.1
31,21,3.5
32,21,3.2
33,21,3.4
34,21,3.5
35,21,3.3
36,21,3.4
37,21,3.6
38,21,5.1
39,21,5.7
40,21,5.4
41,21,5.3
42,21,5.4
43,21,5.2
44,21,5.3
45,21,5.0
46,21,4.7
47,21,4.7
48,21,4.1
49,21,3.9
50,21,3.2
51,21,2.8
52,21,3.0
53,21,3.3
54,21,3.7
55,21,3.9
56,21,4.1
57,21,4.5
58,21,4.7
59,21,4.7
60,21,5.0
61,21,5.4
62,21,5.2
63,21,5.4
64,21,5.5
65,21,5.2
66,21,5.6
67,21,5.7
68,21,5.1
1,22,3.4
2,22,3.2
3,22,3.7
4,22,3.6
5,22,3.3
6,22,3.7
7,22,3.6
8,22,3.5
9,22,3.3
10,22,3.2
11,22,3.4
12,22,3.2
13,22,3.0
14,22,2.8
15,22,2.8
16,22,2.5
17,22,2.3
18,22,2.1
19,22,1.9
20,22,1.5
21,22,1.3
22,22,0.8
23,22,1.2
24,22,1.4
25,22,1.8
26,22,1.9
27,22,2.2
28,22,2.6
29,22,2.6
30,22,2.8
31,22,3.2
32,22,3.3
33,22,3.1
34,22,3.3
35,22,3.6
36,22,3.2
37,22,3.4
38,22,5.1
39,22,5.7
40,22,5.4
41,22,5.2
42,22,5.4
43,22,5.1
44,22,5.3
45,22,5.0
46,22,4.6
47,22,4.7
48,22,4.1
49,22,3.8
50,22,3.1
51,22,2.8
52,22,3.0
53,22,3.3
54,22,3.7
55,22,3.8
56,22,4.0
57,22,4.4
58,22,4.6
59,22,4.6
60,22,4.9
61,22,5.3
62,22,5.1
63,22,5.4
64,22,5.5
65,22,5.2
66,22,5.6
67,22,5.7
68,22,5.1
1,23,3.5
2,23,3.3
3,23,3.1
4,23,3.7
5,23,3.4
6,23,3.3
7,23,3.2
8,23,3.7
9,23,3.5
10,23,3.4
11,23,3.2
12,23,3.1
13,23,3.3
14,23,3.1
15,23,2.8
16,23,2.8
17,23,2.6
18,23,2.4
19,23,2.2
20,23,1.8
21,23,1.6
22,23,1.2
23,23,0.8
24,23,1.1
25,23,1.5
26,23,1.7
27,23,1.9
28,23,2.3
29,23,2.6
30,23,2.8
31,23,2.9
32,23,3.1
33,23,3.3
34,23,3.1
35,23,3.4
36,23,3.6
37,23,3.3
38,23,5.3
39,23,5.9
40,23,5.6
41,23,5.5
42,23,5.6
43,23,5.4
44,23,5.5
45,23,5.2
46,23,4.9
47,23,4.9
48,23,4.3
49,23,4.1
50,23,3.4
51,23,3.1
52,23,3.2
53,23,3.5
54,23,3.9
55,23,4.1
56,23,4.3
57,23,4.7
58,23,4.9
59,23,4.9
60,23,5.1
61,23,5.6
62,23,5.4
63,23,5.6
64,23,5.7
65,23,5.4
66,23,5.8
67,23,5.9
68,23,5.3
1,24,3.6
2,24,3.4
3,24,3.2
4,24,3.1
5,24,3.5
6,24,3.4
7,24,3.4
8,24,3.3
9,24,3.7
10,24,3.5
11,24,3.4
12,24,3.2
13,24,3.4
14,24,3.2
15,24,3.0
16,24,2.8
17,24,2.8
18,24,2.6
19,24,2.5
20,24,1.9
21,24,1.7
22,24,1.4
23,24,1.1
24,24,0.8
25,24,1.2
26,24,1.4
27,24,1.8
28,24,2.1
29,24,2.4
30,24,2.6
31,24,2.7
32,24,2.9
33,24,3.2
34,24,3.3
35,24,3.2
36,24,3.5
37,24,3.7
38,24,5.5
39,24,6.1
40,24,5.8
41,24,5.7
42,24,5.8
43,24,5.6
44,24,5.7
45,24,5.4
46,24,5.1
47,24,5.1
48,24,4.5
49,24,4.2
50,24,3.6
51,24,3.2
52,24,3.4
53,24,3.7
54,24,4.1
55,24,4.2
56,24,4.5
57,24,4.9
58,24,5.1
59,24,5.3
60,24,5.7
61,24,5.7
62,24,5.5
63,24,5.8
64,24,5.9
65,24,5.6
66,24,6.0
67,24,6.1
68,24,5.5
1,25,3.7
2,25,3.7
3,25,3.5
4,25,3.3
5,25,3.7
6,25,3.6
7,25,3.5
8,25,3.4
9,25,3.3
10,25,3.8
11,25,3.6
12,25,3.4
13,25,3.3
14,25,3.1
15,25,3.2
16,25,3.0
17,25,2.8
18,25,2.7
19,25,2.8
20,25,2.3
21,25,2.1
22,25,1.8
23,25,1.5
24,25,1.2
25,25,0.8
26,25,1.1
27,25,1.4
28,25,1.8
29,25,2.0
30,25,2.2
31,25,2.7
32,25,2.6
33,25,2.9
34,25,3.1
35,25,3.4
36,25,3.2
37,25,3.5
38,25,5.4
39,25,6.0
40,25,5.6
41,25,5.5
42,25,5.7
43,25,5.4
44,25,5.5
45,25,5.2
46,25,4.9
47,25,5.0
48,25,4.3
49,25,4.1
50,25,3.4
51,25,3.1
52,25,3.3
53,25,3.5
54,25,3.9
55,25,4.1
56,25,4.3
57,25,4.7
58,25,4.9
59,25,4.9
60,25,5.2
61,25,5.6
62,25,5.4
63,25,5.6
64,25,5.8
65,25,5.4
66,25,5.8
67,25,5.9
68,25,5.4
1,26,3.9
2,26,3.8
3,26,3.6
4,26,3.3
5,26,3.8
6,26,3.7
7,26,3.6
8,26,3.5
9,26,3.4
10,26,3.3
11,26,3.7
12,26,3.6
13,26,3.4
14,26,3.2
15,26,3.4
16,26,3.2
17,26,3.0
18,26,2.8
19,26,2.7
20,26,2.4
21,26,2.3
22,26,1.9
23,26,1.7
24,26,1.4
25,26,1.1
26,26,0.8
27,26,1.2
28,26,1.6
29,26,1.8
30,26,2.1
31,26,2.5
32,26,2.7
33,26,2.7
34,26,2.9
35,26,3.3
36,26,3.1
37,26,3.3
38,26,5.5
39,26,6.1
40,26,5.8
41,26,5.6
42,26,5.8
43,26,5.5
44,26,5.6
45,26,5.4
46,26,5.0
47,26,5.1
48,26,4.4
49,26,4.2
50,26,3.5
51,26,3.2
52,26,3.4
53,26,3.7
54,26,4.0
55,26,4.2
56,26,4.4
57,26,4.8
58,26,5.0
59,26,5.0
60,26,5.3
61,26,5.7
62,26,5.5
63,26,5.8
64,26,5.9
65,26,5.6
66,26,6.0
67,26,6.1
68,26,5.5
1,27,4.1
2,27,3.9
3,27,3.7
4,27,3.5
5,27,3.2
6,27,3.2
7,27,3.8
8,27,3.7
9,27,3.6
10,27,3.5
11,27,3.3
12,27,3.8
13,27,3.6
14,27,3.4
15,27,3.2
16,27,3.5
17,27,3.2
18,27,3.1
19,27,3.0
20,27,2.8
21,27,2.6
22,27,2.2
23,27,1.9
24,27,1.8
25,27,1.4
26,27,1.2
27,27,0.8
28,27,1.3
29,27,1.6
30,27,1.8
31,27,2.2
32,27,2.4
33,27,2.7
34,27,2.6
35,27,3.0
36,27,3.3
37,27,3.1
38,27,5.7
39,27,6.3
40,27,6.0
41,27,5.8
42,27,6.0
43,27,5.8
44,27,5.9
45,27,5.6
46,27,5.2
47,27,5.3
48,27,4.7
49,27,4.4
50,27,3.7
51,27,3.4
52,27,3.6
53,27,3.9
54,27,4.3
55,27,4.4
56,27,4.6
57,27,5.0
58,27,5.3
59,27,5.2
60,27,5.5
61,27,5.9
62,27,5.7
63,27,6.0
64,27,6.1
65,27,5.8
66,27,6.2
67,27,6.3
68,27,5.7
1,28,4.2
2,28,4.1
3,28,3.9
4,28,3.6
5,28,3.4
6,28,3.3
7,28,3.2
8,28,3.2
9,28,3.8
10,28,3.7
11,28,3.5
12,28,3.4
13,28,3.3
14,28,3.7
15,28,3.4
16,28,3.3
17,28,3.1
18,28,3.4
19,28,3.3
20,28,2.8
21,28,2.7
22,28,2.6
23,28,2.3
24,28,2.1
25,28,1.8
26,28,1.6
27,28,1.3
28,28,0.8
29,28,1.2
30,28,1.4
31,28,1.8
32,28,2.0
33,28,2.2
34,28,2.6
35,28,2.7
36,28,3.0
37,28,3.3
38,28,5.9
39,28,6.6
40,28,6.2
41,28,6.1
42,28,6.3
43,28,6.0
44,28,6.1
45,28,5.8
46,28,5.5
47,28,5.5
48,28,4.9
49,28,4.7
50,28,4.0
51,28,3.7
52,28,3.8
53,28,4.1
54,28,4.5
55,28,4.7
56,28,4.9
57,28,5.3
58,28,5.5
59,28,5.5
60,28,5.8
61,28,6.2
62,28,6.0
63,28,6.2
64,28,6.3
65,28,6.0
66,28,6.4
67,28,6.5
68,28,5.9
1,29,4.3
2,29,4.2
3,29,4.0
4,29,3.8
5,29,3.5
6,29,3.4
7,29,3.4
8,29,3.3
9,29,3.2
10,29,3.1
11,29,3.7
12,29,3.6
13,29,3.4
14,29,3.3
15,29,3.7
16,29,3.5
17,29,3.3
18,29,3.2
19,29,3.1
20,29,3.1
21,29,2.9
22,29,2.6
23,29,2.6
24,29,2.4
25,29,2.0
26,29,1.8
27,29,1.6
28,29,1.2
29,29,0.8
30,29,1.1
31,29,1.6
32,29,1.8
33,29,2.0
34,29,2.3
35,29,2.7
36,29,2.7
37,29,3.0
38,29,5.6
39,29,6.2
40,29,5.8
41,29,5.7
42,29,5.9
43,29,5.6
44,29,5.7
45,29,5.4
46,29,5.1
47,29,5.2
48,29,4.5
49,29,4.3
50,29,3.6
51,29,3.3
52,29,3.5
53,29,3.8
54,29,4.1
55,29,4.3
56,29,4.5
57,29,4.9
58,29,5.1
59,29,5.1
60,29,5.4
61,29,5.8
62,29,5.6
63,29,5.8
64,29,6.0
65,29,5.6
66,29,6.0
67,29,6.1
68,29,5.6
1,30,4.4
2,30,4.3
3,30,4.1
4,30,3.8
5,30,3.6
6,30,3.5
7,30,3.5
8,30,3.4
9,30,3.3
10,30,3.2
11,30,3.8
12,30,3.7
13,30,3.5
14,30,3.4
15,30,3.8
16,30,3.6
17,30,3.5
18,30,3.3
19,30,3.2
20,30,3.2
21,30,3.1
22,30,2.8
23,30,2.8
24,30,2.6
25,30,2.1
26,30,2.1
27,30,1.8
28,30,1.4
29,30,1.1
30,30,0.8
31,30,1.4
32,30,1.6
33,30,1.8
34,30,2.0
35,30,2.5
36,30,2.8
37,30,2.8
38,30,5.7
39,30,6.3
40,30,6.0
41,30,5.8
42,30,6.0
43,30,5.7
44,30,5.8
45,30,5.6
46,30,5.2
47,30,5.3
48,30,4.6
49,30,4.4
50,30,3.7
51,30,3.4
52,30,3.6
53,30,3.9
54,30,4.2
55,30,4.4
56,30,4.6
57,30,5.0
58,30,5.2
59,30,5.2
60,30,5.5
61,30,5.9
62,30,5.7
63,30,6.0
64,30,6.1
65,30,5.8
66,30,6.2
67,30,6.3
68,30,5.7
1,31,4.6
2,31,4.5
3,31,4.3
4,31,4.0
5,31,3.8
6,31,3.7
7,31,3.6
8,31,3.6
9,31,3.5
10,31,3.4
11,31,3.3
12,31,3.2
13,31,3.8
14,31,3.7
15,31,3.5
16,31,3.3
17,31,3.8
18,31,3.6
19,31,3.5
20,31,3.2
21,31,3.5
22,31,3.2
23,31,2.9
24,31,2.7
25,31,2.7
26,31,2.5
27,31,2.2
28,31,1.8
29,31,1.6
30,31,1.4
31,31,0.8
32,31,1.1
33,31,1.4
34,31,1.7
35,31,2.0
36,31,2.3
37,31,2.7
38,31,5.9
39,31,6.5
40,31,6.2
41,31,6.1
42,31,6.2
43,31,6.0
44,31,6.1
45,31,5.8
46,31,5.5
47,31,5.5
48,31,4.9
49,31,4.7
50,31,4.0
51,31,3.7
52,31,3.7
53,31,4.1
54,31,4.5
55,31,4.7
56,31,4.9
57,31,5.3
58,31,5.5
59,31,5.5
60,31,5.7
61,31,6.2
62,31,6.0
63,31,6.2
64,31,6.3
65,31,6.0
66,31,6.4
67,31,6.5
68,31,5.9
1,32,4.7
2,32,4.5
3,32,4.4
4,32,4.1
5,32,3.9
6,32,3.8
7,32,3.7
8,32,3.6
9,32,3.5
10,32,3.5
11,32,3.4
12,32,3.3
13,32,3.2
14,32,3.8
15,32,3.6
16,32,3.4
17,32,3.3
18,32,3.8
19,32,3.7
20,32,3.3
21,32,3.2
22,32,3.3
23,32,3.1
24,32,2.9
25,32,2.6
26,32,2.7
27,32,2.4
28,32,2.0
29,32,1.8
30,32,1.6
31,32,1.1
32,32,0.8
33,32,1.2
34,32,1.5
35,32,1.8
36,32,2.2
37,32,2.5
38,32,6.0
39,32,6.6
40,32,6.3
41,32,6.2
42,32,6.3
43,32,6.1
44,32,6.2
45,32,5.9
46,32,5.6
47,32,5.6
48,32,5.0
49,32,4.8
50,32,4.1
51,32,3.8
52,32,3.9
53,32,4.2
54,32,4.6
55,32,4.8
56,32,5.0
57,32,5.4
58,32,5.6
59,32,5.6
60,32,5.8
61,32,6.3
62,32,6.1
63,32,6.3
64,32,6.4
65,32,6.1
66,32,6.5
67,32,6.6
68,32,6.0
1,33,4.8
2,33,4.7
3,33,4.5
4,33,4.2
5,33,4.0
6,33,3.9
7,33,3.9
8,33,3.8
9,33,3.7
10,33,3.6
11,33,3.5
12,33,3.4
13,33,3.3
14,33,3.2
15,33,3.8
16,33,3.6
17,33,3.5
18,33,3.4
19,33,3.3
20,33,3.5
21,33,3.4
22,33,3.1
23,33,3.3
24,33,3.2
25,33,2.9
26,33,2.7
27,33,2.7
28,33,2.3
29,33,2.0
30,33,1.8
31,33,1.4
32,33,1.2
33,33,0.8
34,33,1.1
35,33,1.6
36,33,1.8
37,33,2.2
38,33,5.5
39,33,6.1
40,33,5.7
41,33,5.6
42,33,5.8
43,33,5.5
44,33,5.6
45,33,5.3
46,33,5.0
47,33,5.1
48,33,4.4
49,33,4.2
50,33,3.5
51,33,3.2
52,33,3.4
53,33,3.7
54,33,4.0
55,33,4.2
56,33,4.4
57,33,4.8
58,33,5.0
59,33,5.0
60,33,5.3
61,33,5.7
62,33,5.5
63,33,5.7
64,33,5.9
65,33,5.5
66,33,5.9
67,33,6.0
68,33,5.5
1,34,4.9
2,34,4.8
3,34,4.6
4,34,4.3
5,34,4.1
6,34,4.0
7,34,3.9
8,34,3.9
9,34,3.8
10,34,3.7
11,34,3.6
12,34,3.5
13,34,3.4
14,34,3.3
15,34,3.1
16,34,3.7
17,34,3.6
18,34,3.5
19,34,3.4
20,34,3.7
21,34,3.5
22,34,3.3
23,34,3.1
24,34,3.3
25,34,3.1
26,34,2.9
27,34,2.6
28,34,2.6
29,34,2.3
30,34,2.0
31,34,1.7
32,34,1.5
33,34,1.1
34,34,0.8
35,34,1.3
36,34,1.7
37,34,2.0
38,34,5.6
39,34,6.2
40,34,5.8
41,34,5.7
42,34,5.9
43,34,5.6
44,34,5.7
45,34,5.4
46,34,5.1
47,34,5.2
48,34,4.5
49,34,4.3
50,34,3.6
51,34,3.3
52,34,3.5
53,34,3.8
54,34,4.1
55,34,4.3
56,34,4.5
57,34,4.9
58,34,5.1
59,34,5.1
60,34,5.4
61,34,5.8
62,34,5.6
63,34,5.8
64,34,6.0
65,34,5.6
66,34,6.0
67,34,6.1
68,34,5.6
1,35,5.1
2,35,4.9
3,35,4.8
4,35,4.5
5,35,4.3
6,35,4.2
7,35,4.1
8,35,4.0
9,35,3.9
10,35,3.9
11,35,3.8
12,35,3.7
13,35,3.6
14,35,3.5
15,35,3.3
16,35,3.2
17,35,3.1
18,35,3.7
19,35,3.6
20,35,3.4
21,35,3.3
22,35,3.6
23,35,3.4
24,35,3.2
25,35,3.4
26,35,3.3
27,35,3.0
28,35,2.7
29,35,2.7
30,35,2.5
31,35,2.0
32,35,1.8
33,35,1.6
34,35,1.3
35,35,0.8
36,35,1.2
37,35,1.6
38,35,5.7
39,35,6.3
40,35,6.0
41,35,5.9
42,35,6.0
43,35,5.8
44,35,5.9
45,35,5.6
46,35,5.3
47,35,5.3
48,35,4.7
49,35,4.5
50,35,3.8
51,35,3.5
52,35,3.6
53,35,3.9
54,35,4.3
55,35,4.5
56,35,4.4
57,35,4.8
58,35,5.1
59,35,5.4
60,35,5.7
61,35,6.2
62,35,6.1
63,35,6.4
64,35,6.6
65,35,6.5
66,35,7.0
67,35,7.1
68,35,6.7
1,36,5.2
2,36,5.1
3,36,4.9
4,36,4.6
5,36,4.4
6,36,4.3
7,36,4.3
8,36,4.2
9,36,4.1
10,36,4.0
11,36,3.9
12,36,3.8
13,36,3.7
14,36,3.6
15,36,3.5
16,36,3.4
17,36,3.2
18,36,3.2
19,36,3.8
20,36,3.5
21,36,3.4
22,36,3.2
23,36,3.6
24,36,3.5
25,36,3.2
26,36,3.1
27,36,3.3
28,36,3.0
29,36,2.7
30,36,2.8
31,36,2.3
32,36,2.2
33,36,1.8
34,36,1.7
35,36,1.2
36,36,0.8
37,36,1.3
38,36,5.9
39,36,6.5
40,36,6.1
41,36,6.0
42,36,6.2
43,36,5.9
44,36,6.0
45,36,5.7
46,36,5.4
47,36,5.5
48,36,4.8
49,36,4.6
50,36,3.9
51,36,3.6
52,36,3.8
53,36,4.1
54,36,4.4
55,36,4.6
56,36,4.0
57,36,4.5
58,36,4.7
59,36,5.0
60,36,5.3
61,36,5.8
62,36,5.8
63,36,6.1
64,36,6.2
65,36,6.1
66,36,6.6
67,36,6.7
68,36,6.4
1,37,5.3
2,37,5.1
3,37,4.9
4,37,4.8
5,37,4.5
6,37,4.5
7,37,4.4
8,37,4.3
9,37,4.2
10,37,4.1
11,37,4.0
12,37,4.0
13,37,3.8
14,37,3.7
15,37,3.6
16,37,3.5
17,37,3.4
18,37,3.3
19,37,3.3
20,37,3.7
21,37,3.6
22,37,3.4
23,37,3.3
24,37,3.7
25,37,3.5
26,37,3.3
27,37,3.1
28,37,3.3
29,37,3.0
30,37,2.8
31,37,2.7
32,37,2.5
33,37,2.2
34,37,2.0
35,37,1.6
36,37,1.3
37,37,0.8
38,37,6.6
39,37,6.6
40,37,6.3
41,37,6.2
42,37,6.3
43,37,6.1
44,37,6.2
45,37,5.9
46,37,5.6
47,37,5.6
48,37,5.0
49,37,4.7
50,37,4.1
51,37,3.7
52,37,3.8
53,37,4.1
54,37,4.1
55,37,3.8
56,37,3.6
57,37,4.0
58,37,4.3
59,37,4.6
60,37,4.9
61,37,5.4
62,37,5.4
63,37,5.6
64,37,5.8
65,37,5.5
66,37,6.2
67,37,6.3
68,37,5.9
1,38,5.7
2,38,5.4
3,38,5.5
4,38,5.3
5,38,5.2
6,38,5.0
7,38,4.8
8,38,4.7
9,38,4.4
10,38,4.2
11,38,4.1
12,38,3.8
13,38,3.5
14,38,3.2
15,38,3.6
16,38,3.9
17,38,4.2
18,38,4.3
19,38,4.4
20,38,5.0
21,38,5.1
22,38,5.1
23,38,5.3
24,38,5.5
25,38,5.4
26,38,5.5
27,38,5.7
28,38,5.9
29,38,5.6
30,38,5.7
31,38,5.9
32,38,6.0
33,38,5.5
34,38,5.6
35,38,5.7
36,38,5.9
37,38,6.0
38,38,0.8
39,38,1.2
40,38,1.8
41,38,2.0
42,38,2.6
43,38,2.7
44,38,3.1
45,38,3.3
46,38,3.2
47,38,3.5
48,38,3.3
49,38,3.4
50,38,3.1
51,38,3.2
52,38,3.3
53,38,3.4
54,38,3.5
55,38,3.6
56,38,3.7
57,38,3.9
58,38,4.0
59,38,4.1
60,38,4.3
61,38,4.5
62,38,4.6
63,38,4.8
64,38,4.8
65,38,5.0
66,38,5.3
67,38,5.4
68,38,5.5
1,39,6.3
2,39,6.0
3,39,6.1
4,39,5.9
5,39,5.8
6,39,5.6
7,39,5.4
8,39,5.3
9,39,5.0
10,39,4.8
11,39,4.7
12,39,4.4
13,39,4.1
14,39,3.8
15,39,4.2
16,39,4.5
17,39,4.8
18,39,5.9
19,39,5.0
20,39,5.6
21,39,5.7
22,39,5.7
23,39,5.9
24,39,6.1
25,39,6.0
26,39,6.1
27,39,6.3
28,39,6.6
29,39,6.2
30,39,6.3
31,39,6.5
32,39,6.6
33,39,6.1
34,39,6.2
35,39,6.3
36,39,6.5
37,39,6.6
38,39,1.2
39,39,0.8
40,39,1.5
41,39,1.8
42,39,2.3
43,39,2.7
44,39,2.8
45,39,3.1
46,39,3.4
47,39,3.3
48,39,3.7
49,39,3.3
50,39,3.7
51,39,3.8
52,39,3.2
53,39,3.3
54,39,3.4
55,39,3.5
56,39,3.6
57,39,3.8
58,39,3.9
59,39,4.0
60,39,4.2
61,39,4.4
62,39,4.5
63,39,4.6
64,39,4.7
65,39,4.9
66,39,5.2
67,39,5.2
68,39,5.4
1,40,6.0
2,40,5.7
3,40,5.8
4,40,5.6
5,40,5.5
6,40,5.3
7,40,5.1
8,40,4.9
9,40,4.7
10,40,4.5
11,40,4.4
12,40,4.1
13,40,3.8
14,40,3.5
15,40,3.9
16,40,4.2
17,40,4.5
18,40,4.5
19,40,4.7
20,40,5.2
21,40,5.4
22,40,5.4
23,40,5.6
24,40,5.8
25,40,5.6
26,40,5.8
27,40,6.0
28,40,6.2
29,40,5.8
30,40,6.0
31,40,6.2
32,40,6.3
33,40,5.7
34,40,5.8
35,40,6.0
36,40,6.1
37,40,6.3
38,40,1.8
39,40,1.5
40,40,0.8
41,40,1.1
42,40,1.8
43,40,2.1
44,40,2.6
45,40,2.6
46,40,3.0
47,40,3.2
48,40,3.3
49,40,3.5
50,40,3.4
51,40,3.5
52,40,3.6
53,40,3.7
54,40,3.2
55,40,3.3
56,40,3.4
57,40,3.5
58,40,3.6
59,40,3.8
60,40,3.9
61,40,4.1
62,40,4.3
63,40,4.4
64,40,4.5
65,40,4.6
66,40,4.9
67,40,5.0
68,40,5.1
1,41,5.8
2,41,5.6
3,41,5.7
4,41,5.5
5,41,5.3
6,41,5.1
7,41,5.0
8,41,4.8
9,41,4.6
10,41,4.4
11,41,4.2
12,41,4.0
13,41,3.6
14,41,3.4
15,41,3.7
16,41,4.0
17,41,4.3
18,41,4.4
19,41,4.6
20,41,5.1
21,41,5.3
22,41,5.2
23,41,5.5
24,41,5.7
25,41,5.5
26,41,5.6
27,41,5.8
28,41,6.1
29,41,5.7
30,41,5.8
31,41,6.1
32,41,6.2
33,41,5.6
34,41,5.7
35,41,5.9
36,41,6.0
37,41,6.2
38,41,2.0
39,41,1.8
40,41,1.1
41,41,0.8
42,41,1.6
43,41,1.9
44,41,2.3
45,41,2.6
46,41,2.8
47,41,3.0
48,41,3.1
49,41,3.3
50,41,3.8
51,41,3.4
52,41,3.4
53,41,3.6
54,41,3.8
55,41,3.2
56,41,3.3
57,41,3.4
58,41,3.5
59,41,3.7
60,41,3.8
61,41,4.0
62,41,4.1
63,41,4.3
64,41,4.4
65,41,4.5
66,41,4.8
67,41,4.9
68,41,5.0
1,42,6.0
2,42,5.7
3,42,5.8
4,42,5.6
5,42,5.5
6,42,5.3
7,42,5.1
8,42,5.0
9,42,4.7
10,42,4.5
11,42,4.4
12,42,4.1
13,42,3.8
14,42,3.5
15,42,3.9
16,42,4.2
17,42,4.5
18,42,4.6
19,42,4.7
20,42,5.3
21,42,5.4
22,42,5.4
23,42,5.6
24,42,5.8
25,42,5.7
26,42,5.8
27,42,6.0
28,42,6.3
29,42,5.9
30,42,6.0
31,42,6.2
32,42,6.3
33,42,5.8
34,42,5.9
35,42,6.0
36,42,6.2
37,42,6.3
38,42,2.6
39,42,2.3
40,42,1.8
41,42,1.6
42,42,0.8
43,42,1.3
44,42,1.8
45,42,2.0
46,42,2.4
47,42,2.8
48,42,3.0
49,42,3.2
50,42,3.3
51,42,3.5
52,42,3.6
53,42,3.2
54,42,3.4
55,42,3.6
56,42,3.7
57,42,3.2
58,42,3.2
59,42,3.4
60,42,3.5
61,42,3.7
62,42,3.9
63,42,4.0
64,42,4.1
65,42,4.3
66,42,4.6
67,42,4.6
68,42,4.8
1,43,5.7
2,43,5.5
3,43,5.6
4,43,5.4
5,43,5.2
6,43,5.0
7,43,4.9
8,43,4.7
9,43,4.5
10,43,4.3
11,43,4.1
12,43,3.9
13,43,3.6
14,43,3.3
15,43,3.7
16,43,3.9
17,43,4.3
18,43,4.3
19,43,4.5
20,43,5.0
21,43,5.2
22,43,5.1
23,43,5.4
24,43,5.6
25,43,5.4
26,43,5.5
27,43,5.8
28,43,6.0
29,43,5.6
30,43,5.7
31,43,6.0
32,43,6.1
33,43,5.5
34,43,5.6
35,43,5.8
36,43,5.9
37,43,6.1
38,43,2.7
39,43,2.7
40,43,2.1
41,43,1.9
42,43,1.3
43,43,0.8
44,43,1.3
45,43,1.7
46,43,2.0
47,43,2.4
48,43,2.7
49,43,2.9
50,43,3.1
51,43,3.3
52,43,3.4
53,43,3.6
54,43,3.8
55,43,3.4
56,43,3.5
57,43,3.7
58,43,3.8
59,43,3.2
60,43,3.4
61,43,3.6
62,43,3.7
63,43,3.9
64,43,4.0
65,43,4.1
66,43,4.4
67,43,4.5
68,43,4.6
1,44,5.9
2,44,5.6
3,44,5.7
4,44,5.5
5,44,5.3
6,44,5.1
7,44,5.0
8,44,4.8
9,44,4.6
10,44,4.4
11,44,4.2
12,44,4.0
13,44,3.7
14,44,3.4
15,44,3.8
16,44,4.0
17,44,4.4
18,44,4.4
19,44,4.6
20,44,5.1
21,44,5.3
22,44,5.3
23,44,5.5
24,44,5.7
25,44,5.5
26,44,5.6
27,44,5.9
28,44,6.1
29,44,5.7
30,44,5.8
31,44,6.1
32,44,6.2
33,44,5.6
34,44,5.7
35,44,5.9
36,44,6.0
37,44,6.2
38,44,3.1
39,44,2.8
40,44,2.6
41,44,2.3
42,44,1.8
43,44,1.3
44,44,0.8
45,44,1.3
46,44,1.7
47,44,2.0
48,44,2.6
49,44,2.8
50,44,3.2
51,44,3.4
52,44,3.1
53,44,3.3
54,44,3.5
55,44,3.7
56,44,3.2
57,44,3.5
58,44,3.6
59,44,3.8
60,44,3.2
61,44,3.4
62,44,3.6
63,44,3.7
64,44,3.8
65,44,3.9
66,44,4.2
67,44,4.3
68,44,4.4
1,45,5.6
2,45,5.3
3,45,5.4
4,45,5.2
5,45,5.1
6,45,4.8
7,45,4.7
8,45,4.5
9,45,4.3
10,45,4.1
11,45,4.0
12,45,3.7
13,45,3.4
14,45,3.1
15,45,3.5
16,45,3.7
17,45,4.1
18,45,4.1
19,45,4.3
20,45,4.8
21,45,5.0
22,45,5.0
23,45,5.2
24,45,5.4
25,45,5.2
26,45,5.4
27,45,5.6
28,45,5.8
29,45,5.4
30,45,5.6
31,45,5.8
32,45,5.9
33,45,5.3
34,45,5.4
35,45,5.6
36,45,5.7
37,45,5.9
38,45,3.3
39,45,3.1
40,45,2.6
41,45,2.6
42,45,2.0
43,45,1.7
44,45,1.3
45,45,0.8
46,45,1.3
47,45,1.7
48,45,2.2
49,45,2.5
50,45,2.9
51,45,3.1
52,45,3.2
53,45,3.4
54,45,3.2
55,45,3.4
56,45,3.6
57,45,3.3
58,45,3.4
59,45,3.6
60,45,3.8
61,45,3.3
62,45,3.4
63,45,3.6
64,45,3.6
65,45,3.8
66,45,4.1
67,45,4.2
68,45,4.3
1,46,5.2
2,46,5.0
3,46,5.1
4,46,4.9
5,46,4.7
6,46,4.5
7,46,4.4
8,46,4.2
9,46,4.0
10,46,3.8
11,46,3.6
12,46,3.4
13,46,3.1
14,46,2.8
15,46,3.1
16,46,3.4
17,46,3.7
18,46,3.8
19,46,4.0
20,46,4.5
21,46,4.7
22,46,4.6
23,46,4.9
24,46,5.1
25,46,4.9
26,46,5.0
27,46,5.2
28,46,5.5
29,46,5.1
30,46,5.2
31,46,5.5
32,46,5.6
33,46,5.0
34,46,5.1
35,46,5.3
36,46,5.4
37,46,5.6
38,46,3.2
39,46,3.4
40,46,3.0
41,46,2.8
42,46,2.4
43,46,2.0
44,46,1.7
45,46,1.3
46,46,0.8
47,46,1.2
48,46,1.8
49,46,2.1
50,46,2.8
51,46,2.8
52,46,2.9
53,46,3.1
54,46,3.4
55,46,3.1
56,46,3.3
57,46,3.6
58,46,3.7
59,46,3.4
60,46,3.6
61,46,3.8
62,46,3.2
63,46,3.4
64,46,3.5
65,46,3.6
66,46,3.9
67,46,4.0
68,46,4.1
1,47,5.3
2,47,5.0
3,47,5.1
4,47,4.9
5,47,4.8
6,47,4.6
7,47,4.4
8,47,4.3
9,47,4.0
10,47,3.8
11,47,3.7
12,47,3.4
13,47,3.1
14,47,2.7
15,47,3.2
16,47,3.5
17,47,3.8
18,47,3.9
19,47,4.0
20,47,4.6
21,47,4.7
22,47,4.7
23,47,4.9
24,47,5.1
25,47,5.0
26,47,5.1
27,47,5.3
28,47,5.5
29,47,5.2
30,47,5.3
31,47,5.5
32,47,5.6
33,47,5.1
34,47,5.2
35,47,5.3
36,47,5.5
37,47,5.6
38,47,3.5
39,47,3.3
40,47,3.2
41,47,3.0
42,47,2.8
43,47,2.4
44,47,2.0
45,47,1.7
46,47,1.2
47,47,0.8
48,47,1.6
49,47,1.8
50,47,2.5
51,47,2.7
52,47,2.6
53,47,2.8
54,47,3.1
55,47,3.3
56,47,3.1
57,47,3.3
58,47,3.5
59,47,3.7
60,47,3.4
61,47,3.6
62,47,3.8
63,47,3.2
64,47,3.3
65,47,3.5
66,47,3.8
67,47,3.9
68,47,4.0
1,48,4.6
2,48,4.2
3,48,4.2
4,48,4.0
5,48,3.9
6,48,3.7
7,48,3.6
8,48,3.4
9,48,3.2
10,48,3.0
11,48,2.7
12,48,2.4
13,48,2.1
14,48,2.1
15,48,2.5
16,48,2.7
17,48,3.2
18,48,3.2
19,48,3.4
20,48,3.9
21,48,4.1
22,48,4.1
23,48,4.3
24,48,4.5
25,48,4.3
26,48,4.4
27,48,4.7
28,48,4.9
29,48,4.5
30,48,4.6
31,48,4.9
32,48,5.0
33,48,4.4
34,48,4.5
35,48,4.7
36,48,4.8
37,48,5.0
38,48,3.3
39,48,3.7
40,48,3.3
41,48,3.1
42,48,3.0
43,48,2.7
44,48,2.6
45,48,2.2
46,48,1.8
47,48,1.6
48,48,0.8
49,48,1.1
50,48,1.8
51,48,2.1
52,48,2.2
53,48,2.5
54,48,2.8
55,48,2.8
56,48,3.0
57,48,3.3
58,48,3.5
59,48,3.3
60,48,3.5
61,48,3.3
62,48,3.5
63,48,3.7
64,48,3.8
65,48,3.2
66,48,3.5
67,48,3.6
68,48,3.7
1,49,4.4
2,49,4.2
3,49,4.2
4,49,4.0
5,49,3.9
6,49,3.7
7,49,3.6
8,49,3.4
9,49,3.2
10,49,3.0
11,49,2.7
12,49,2.4
13,49,2.1
14,49,1.9
15,49,2.2
16,49,2.5
17,49,2.8
18,49,3.0
19,49,3.2
20,49,3.7
21,49,3.9
22,49,3.8
23,49,4.1
24,49,4.2
25,49,4.1
26,49,4.2
27,49,4.4
28,49,4.7
29,49,4.3
30,49,4.4
31,49,4.7
32,49,4.8
33,49,4.2
34,49,4.3
35,49,4.5
36,49,4.6
37,49,4.7
38,49,3.4
39,49,3.3
40,49,3.5
41,49,3.3
42,49,3.2
43,49,2.9
44,49,2.8
45,49,2.5
46,49,2.1
47,49,1.8
48,49,1.1
49,49,0.8
50,49,1.7
51,49,1.9
52,49,2.0
53,49,2.3
54,49,2.6
55,49,2.6
56,49,2.8
57,49,3.1
58,49,3.3
59,49,3.1
60,49,3.4
61,49,3.7
62,49,3.3
63,49,3.5
64,49,3.6
65,49,3.1
66,49,3.4
67,49,3.5
68,49,3.6
1,50,3.7
2,50,3.5
3,50,3.6
4,50,3.4
5,50,3.2
6,50,3.0
7,50,2.8
8,50,2.6
9,50,2.4
10,50,2.2
11,50,2.0
12,50,1.8
13,50,1.4
14,50,1.2
15,50,1.5
16,50,1.8
17,50,2.1
18,50,2.2
19,50,2.4
20,50,3.0
21,50,3.2
22,50,3.1
23,50,3.4
24,50,3.6
25,50,3.4
26,50,3.5
27,50,3.7
28,50,4.0
29,50,3.6
30,50,3.7
31,50,4.0
32,50,4.1
33,50,3.5
34,50,3.6
35,50,3.8
36,50,3.9
37,50,4.1
38,50,3.1
39,50,3.7
40,50,3.4
41,50,3.8
42,50,3.3
43,50,3.1
44,50,3.2
45,50,2.9
46,50,2.8
47,50,2.5
48,50,1.8
49,50,1.7
50,50,0.8
51,50,1.2
52,50,1.3
53,50,1.6
54,50,1.9
55,50,2.1
56,50,2.3
57,50,2.7
58,50,2.7
59,50,3.0
60,50,3.3
61,50,3.2
62,50,3.4
63,50,3.7
64,50,3.2
65,50,3.5
66,50,3.1
67,50,3.2
68,50,3.3
1,51,3.4
2,51,3.2
3,51,3.2
4,51,3.0
5,51,2.8
6,51,2.6
7,51,2.5
8,51,2.3
9,51,2.0
10,51,1.9
11,51,1.7
12,51,1.4
13,51,1.1
14,51,0.8
15,51,1.2
16,51,1.5
17,51,1.8
18,51,1.9
19,51,2.1
20,51,2.6
21,51,2.8
22,51,2.8
23,51,3.1
24,51,3.2
25,51,3.1
26,51,3.2
27,51,3.4
28,51,3.7
29,51,3.3
30,51,3.4
31,51,3.7
32,51,3.8
33,51,3.2
34,51,3.3
35,51,3.5
36,51,3.6
37,51,3.7
38,51,3.2
39,51,3.8
40,51,3.5
41,51,3.4
42,51,3.5
43,51,3.3
44,51,3.4
45,51,3.1
46,51,2.8
47,51,2.7
48,51,2.1
49,51,1.9
50,51,1.2
51,51,0.8
52,51,1.0
53,51,1.3
54,51,1.7
55,51,1.8
56,51,2.1
57,51,2.5
58,51,2.7
59,51,2.8
60,51,3.0
61,51,3.5
62,51,3.3
63,51,3.5
64,51,3.6
65,51,3.3
66,51,3.7
67,51,3.8
68,51,3.2
1,52,3.5
2,52,3.6
3,52,3.3
4,52,3.1
5,52,2.8
6,52,2.6
7,52,2.5
8,52,2.3
9,52,2.0
10,52,1.9
11,52,1.7
12,52,1.4
13,52,1.1
14,52,1.0
15,52,1.4
16,52,1.7
17,52,2.0
18,52,2.0
19,52,2.2
20,52,2.8
21,52,3.0
22,52,3.0
23,52,3.7
24,52,3.4
25,52,3.3
26,52,3.4
27,52,3.6
28,52,3.8
29,52,3.5
30,52,3.6
31,52,3.7
32,52,3.9
33,52,3.4
34,52,3.5
35,52,3.6
36,52,3.8
37,52,3.8
38,52,3.3
39,52,3.2
40,52,3.6
41,52,3.4
42,52,3.6
43,52,3.4
44,52,3.1
45,52,3.2
46,52,2.9
47,52,2.6
48,52,2.2
49,52,2.0
50,52,1.3
51,52,1.0
52,52,0.8
53,52,1.1
54,52,1.5
55,52,1.8
56,52,1.9
57,52,2.3
58,52,2.5
59,52,2.6
60,52,2.9
61,52,3.3
62,52,3.2
63,52,3.4
64,52,3.5
65,52,3.8
66,52,3.6
67,52,3.7
68,52,3.2
1,53,3.8
2,53,3.9
3,53,3.6
4,53,3.4
5,53,3.2
6,53,2.9
7,53,2.8
8,53,2.6
9,53,2.3
10,53,2.2
11,53,2.0
12,53,1.7
13,53,1.4
14,53,1.3
15,53,1.7
16,53,2.0
17,53,2.3
18,53,2.3
19,53,2.5
20,53,3.1
21,53,3.3
22,53,3.3
23,53,3.5
24,53,3.7
25,53,3.5
26,53,3.7
27,53,3.9
28,53,4.1
29,53,3.8
30,53,3.9
31,53,4.1
32,53,4.2
33,53,3.7
34,53,3.8
35,53,3.9
36,53,4.1
37,53,4.1
38,53,3.4
39,53,3.3
40,53,3.7
41,53,3.6
42,53,3.2
43,53,3.6
44,53,3.3
45,53,3.4
46,53,3.1
47,53,2.8
48,53,2.5
49,53,2.3
50,53,1.6
51,53,1.3
52,53,1.1
53,53,0.8
54,53,1.2
55,53,1.5
56,53,1.8
57,53,2.1
58,53,2.3
59,53,2.6
60,53,2.7
61,53,3.1
62,53,3.4
63,53,3.2
64,53,3.3
65,53,3.6
66,53,3.5
67,53,3.6
68,53,3.8
1,54,4.1
2,54,4.3
3,54,3.9
4,54,3.7
5,54,3.6
6,54,3.4
7,54,3.2
8,54,2.9
9,54,2.7
10,54,2.6
11,54,2.3
12,54,2.1
13,54,1.8
14,54,1.7
15,54,2.1
16,54,2.3
17,54,2.7
18,54,2.7
19,54,2.9
20,54,3.5
21,54,3.7
22,54,3.7
23,54,3.9
24,54,4.1
25,54,3.9
26,54,4.0
27,54,4.3
28,54,4.5
29,54,4.1
30,54,4.2
31,54,4.5
32,54,4.6
33,54,4.0
34,54,4.1
35,54,4.3
36,54,4.4
37,54,4.1
38,54,3.5
39,54,3.4
40,54,3.2
41,54,3.8
42,54,3.4
43,54,3.8
44,54,3.5
45,54,3.2
46,54,3.4
47,54,3.1
48,54,2.8
49,54,2.6
50,54,1.9
51,54,1.7
52,54,1.5
53,54,1.2
54,54,0.8
55,54,1.1
56,54,1.4
57,54,1.8
58,54,1.9
59,54,2.3
60,54,2.7
61,54,2.9
62,54,3.1
63,54,3.4
64,54,3.1
65,54,3.4
66,54,3.3
67,54,3.4
68,54,3.6
1,55,4.4
2,55,4.6
3,55,4.2
4,55,4.0
5,55,3.9
6,55,3.6
7,55,3.5
8,55,3.3
9,55,3.1
10,55,2.9
11,55,2.6
12,55,2.4
13,55,2.0
14,55,1.8
15,55,2.2
16,55,2.5
17,55,2.8
18,55,3.0
19,55,3.2
20,55,3.7
21,55,3.9
22,55,3.8
23,55,4.1
24,55,4.2
25,55,4.1
26,55,4.2
27,55,4.4
28,55,4.7
29,55,4.3
30,55,4.4
31,55,4.7
32,55,4.8
33,55,4.2
34,55,4.3
35,55,4.5
36,55,4.6
37,55,3.8
38,55,3.6
39,55,3.5
40,55,3.3
41,55,3.2
42,55,3.6
43,55,3.4
44,55,3.7
45,55,3.4
46,55,3.1
47,55,3.3
48,55,2.8
49,55,2.6
50,55,2.1
51,55,1.8
52,55,1.8
53,55,1.5
54,55,1.1
55,55,0.8
56,55,1.1
57,55,1.5
58,55,1.8
59,55,2.1
60,55,2.4
61,55,2.6
62,55,2.9
63,55,3.2
64,55,3.3
65,55,3.2
66,55,3.7
67,55,3.3
68,55,3.4
1,56,4.4
2,56,4.6
3,56,4.2
4,56,4.0
5,56,3.9
6,56,3.7
7,56,3.5
8,56,3.3
9,56,3.1
10,56,2.9
11,56,2.6
12,56,2.4
13,56,2.1
14,56,2.1
15,56,2.4
16,56,2.7
17,56,3.2
18,56,3.2
19,56,3.4
20,56,3.9
21,56,4.1
22,56,4.0
23,56,4.3
24,56,4.5
25,56,4.3
26,56,4.4
27,56,4.6
28,56,4.9
29,56,4.5
30,56,4.6
31,56,4.9
32,56,5.0
33,56,4.4
34,56,4.5
35,56,4.4
36,56,4.0
37,56,3.6
38,56,3.7
39,56,3.6
40,56,3.4
41,56,3.3
42,56,3.7
43,56,3.5
44,56,3.2
45,56,3.6
46,56,3.3
47,56,3.1
48,56,3.0
49,56,2.8
50,56,2.3
51,56,2.1
52,56,1.9
53,56,1.8
54,56,1.4
55,56,1.1
56,56,0.8
57,56,1.3
58,56,1.5
59,56,1.8
60,56,2.2
61,56,2.7
62,56,2.7
63,56,3.0
64,56,3.2
65,56,3.1
66,56,3.6
67,56,3.7
68,56,3.3
1,57,4.9
2,57,5.1
3,57,4.7
4,57,4.5
5,57,4.3
6,57,4.1
7,57,4.0
8,57,3.8
9,57,3.6
10,57,3.5
11,57,3.2
12,57,2.8
13,57,2.5
14,57,2.5
15,57,2.8
16,57,3.2
17,57,3.5
18,57,3.6
19,57,3.8
20,57,4.3
21,57,4.5
22,57,4.4
23,57,4.7
24,57,4.9
25,57,4.7
26,57,4.8
27,57,5.0
28,57,5.3
29,57,4.9
30,57,5.0
31,57,5.3
32,57,5.4
33,57,4.8
34,57,4.9
35,57,4.8
36,57,4.5
37,57,4.0
38,57,3.9
39,57,3.8
40,57,3.5
41,57,3.4
42,57,3.2
43,57,3.7
44,57,3.5
45,57,3.3
46,57,3.6
47,57,3.3
48,57,3.3
49,57,3.1
50,57,2.7
51,57,2.5
52,57,2.3
53,57,2.1
54,57,1.8
55,57,1.5
56,57,1.3
57,57,0.8
58,57,1.1
59,57,1.5
60,57,1.8
61,57,2.3
62,57,2.6
63,57,2.7
64,57,2.8
65,57,3.2
66,57,3.3
67,57,3.4
68,57,3.6
1,58,5.1
2,58,5.3
3,58,4.9
4,58,4.7
5,58,4.6
6,58,4.3
7,58,4.2
8,58,4.0
9,58,3.8
10,58,3.7
11,58,3.4
12,58,3.2
13,58,2.7
14,58,2.7
15,58,3.2
16,58,3.4
17,58,3.8
18,58,3.8
19,58,4.0
20,58,4.5
21,58,4.7
22,58,4.6
23,58,4.9
24,58,5.1
25,58,4.9
26,58,5.0
27,58,5.3
28,58,5.5
29,58,5.1
30,58,5.2
31,58,5.5
32,58,5.6
33,58,5.0
34,58,5.1
35,58,5.1
36,58,4.7
37,58,4.3
38,58,4.0
39,58,3.9
40,58,3.6
41,58,3.5
42,58,3.2
43,58,3.8
44,58,3.6
45,58,3.4
46,58,3.7
47,58,3.5
48,58,3.5
49,58,3.3
50,58,2.7
51,58,2.7
52,58,2.5
53,58,2.3
54,58,1.9
55,58,1.8
56,58,1.5
57,58,1.1
58,58,0.8
59,58,1.3
60,58,1.7
61,58,2.1
62,58,2.4
63,58,2.8
64,58,2.7
65,58,3.0
66,58,3.1
67,58,3.3
68,58,3.5
1,59,5.4
2,59,5.6
3,59,5.2
4,59,5.0
5,59,4.8
6,59,4.6
7,59,4.5
8,59,4.3
9,59,4.1
10,59,4.0
11,59,3.7
12,59,3.5
13,59,3.1
14,59,2.8
15,59,3.1
16,59,3.4
17,59,3.7
18,59,3.8
19,59,4.0
20,59,4.5
21,59,4.7
22,59,4.6
23,59,4.9
24,59,5.0
25,59,4.9
26,59,5.0
27,59,5.2
28,59,5.5
29,59,5.1
30,59,5.2
31,59,5.5
32,59,5.6
33,59,5.0
34,59,5.1
35,59,5.4
36,59,5.0
37,59,4.6
38,59,4.1
39,59,4.0
40,59,3.8
41,59,3.7
42,59,3.4
43,59,3.2
44,59,3.8
45,59,3.6
46,59,3.4
47,59,3.7
48,59,3.3
49,59,3.1
50,59,3.0
51,59,2.8
52,59,2.6
53,59,2.6
54,59,2.3
55,59,2.1
56,59,1.8
57,59,1.5
58,59,1.3
59,59,0.8
60,59,1.2
61,59,1.8
62,59,2.0
63,59,2.4
64,59,2.6
65,59,2.7
66,59,3.3
67,59,3.4
68,59,3.2
1,60,5.8
2,60,5.9
3,60,5.6
4,60,5.4
5,60,5.2
6,60,5.0
7,60,4.9
8,60,4.7
9,60,4.4
10,60,4.3
11,60,4.1
12,60,3.8
13,60,3.5
14,60,3.0
15,60,3.4
16,60,3.7
17,60,4.0
18,60,4.1
19,60,4.2
20,60,4.8
21,60,5.0
22,60,4.9
23,60,5.1
24,60,5.3
25,60,5.2
26,60,5.3
27,60,5.5
28,60,5.8
29,60,5.5
30,60,5.5
31,60,5.7
32,60,5.8
33,60,5.3
34,60,5.4
35,60,5.7
36,60,5.3
37,60,4.9
38,60,4.3
39,60,4.2
40,60,3.9
41,60,3.8
42,60,3.5
43,60,3.4
44,60,3.2
45,60,3.8
46,60,3.6
47,60,3.4
48,60,3.5
49,60,3.4
50,60,3.3
51,60,3.0
52,60,2.9
53,60,2.7
54,60,2.7
55,60,2.4
56,60,2.2
57,60,1.8
58,60,1.7
59,60,1.2
60,60,0.8
61,60,1.4
62,60,1.8
63,60,2.0
64,60,2.2
65,60,2.6
66,60,3.0
67,60,3.1
68,60,3.4
1,61,6.3
2,61,6.4
3,61,6.1
4,61,5.9
5,61,5.7
6,61,5.5
7,61,5.4
8,61,5.2
9,61,4.9
10,61,4.8
11,61,4.6
12,61,4.3
13,61,4.0
14,61,3.5
15,61,3.8
16,61,4.1
17,61,4.4
18,61,4.5
19,61,4.7
20,61,5.2
21,61,5.4
22,61,5.3
23,61,5.6
24,61,5.7
25,61,5.6
26,61,5.7
27,61,5.9
28,61,6.2
29,61,5.9
30,61,5.9
31,61,6.2
32,61,6.3
33,61,5.7
34,61,5.8
35,61,6.2
36,61,5.8
37,61,5.4
38,61,4.5
39,61,4.4
40,61,4.1
41,61,4.0
42,61,3.7
43,61,3.6
44,61,3.4
45,61,3.3
46,61,3.8
47,61,3.6
48,61,3.3
49,61,3.7
50,61,3.2
51,61,3.5
52,61,3.3
53,61,3.1
54,61,2.9
55,61,2.6
56,61,2.7
57,61,2.3
58,61,2.1
59,61,1.8
60,61,1.4
61,61,0.8
62,61,1.2
63,61,1.6
64,61,1.8
65,61,2.1
66,61,2.6
67,61,2.7
68,61,3.0
1,62,6.2
2,62,6.4
3,62,6.0
4,62,5.8
5,62,5.6
6,62,5.4
7,62,5.3
8,62,5.1
9,62,4.9
10,62,4.8
11,62,4.5
12,62,4.2
13,62,3.9
14,62,3.3
15,62,3.6
16,62,3.9
17,62,4.2
18,62,4.3
19,62,4.5
20,62,5.0
21,62,5.2
22,62,5.1
23,62,5.4
24,62,5.5
25,62,5.4
26,62,5.5
27,62,5.7
28,62,6.0
29,62,5.6
30,62,5.7
31,62,6.0
32,62,6.1
33,62,5.5
34,62,5.6
35,62,6.1
36,62,5.8
37,62,5.4
38,62,4.6
39,62,4.5
40,62,4.3
41,62,4.1
42,62,3.9
43,62,3.7
44,62,3.6
45,62,3.4
46,62,3.2
47,62,3.8
48,62,3.5
49,62,3.3
50,62,3.4
51,62,3.3
52,62,3.2
53,62,3.4
54,62,3.1
55,62,2.9
56,62,2.7
57,62,2.6
58,62,2.4
59,62,2.0
60,62,1.8
61,62,1.2
62,62,0.8
63,62,1.3
64,62,1.5
65,62,1.8
66,62,2.5
67,62,2.7
68,62,2.7
1,63,6.5
2,63,6.7
3,63,6.3
4,63,6.1
5,63,5.9
6,63,5.7
7,63,5.6
8,63,5.4
9,63,5.2
10,63,5.1
11,63,4.8
12,63,4.5
13,63,4.2
14,63,3.5
15,63,3.9
16,63,4.2
17,63,4.5
18,63,4.5
19,63,4.7
20,63,5.2
21,63,5.4
22,63,5.4
23,63,5.6
24,63,5.8
25,63,5.6
26,63,5.8
27,63,6.0
28,63,6.2
29,63,5.8
30,63,6.0
31,63,6.2
32,63,6.3
33,63,5.7
34,63,5.8
35,63,6.4
36,63,6.1
37,63,5.6
38,63,4.8
39,63,4.6
40,63,4.4
41,63,4.3
42,63,4.0
43,63,3.9
44,63,3.7
45,63,3.6
46,63,3.4
47,63,3.2
48,63,3.7
49,63,3.5
50,63,3.7
51,63,3.5
52,63,3.4
53,63,3.2
54,63,3.4
55,63,3.2
56,63,3.0
57,63,2.7
58,63,2.8
59,63,2.4
60,63,2.0
61,63,1.6
62,63,1.3
63,63,0.8
64,63,1.1
65,63,1.5
66,63,2.2
67,63,2.3
68,63,2.7
1,64,6.7
2,64,6.8
3,64,6.5
4,64,6.2
5,64,6.1
6,64,5.9
7,64,5.7
8,64,5.5
9,64,5.3
10,64,5.2
11,64,4.9
12,64,4.7
13,64,4.4
14,64,3.6
15,64,4.0
16,64,4.3
17,64,4.6
18,64,4.7
19,64,4.8
20,64,5.4
21,64,5.5
22,64,5.5
23,64,5.7
24,64,5.9
25,64,5.8
26,64,5.9
27,64,6.1
28,64,6.3
29,64,6.0
30,64,6.1
31,64,6.3
32,64,6.4
33,64,5.9
34,64,6.0
35,64,6.6
36,64,6.2
37,64,5.8
38,64,4.8
39,64,4.7
40,64,4.5
41,64,4.4
42,64,4.1
43,64,4.0
44,64,3.8
45,64,3.6
46,64,3.5
47,64,3.3
48,64,3.8
49,64,3.6
50,64,3.2
51,64,3.6
52,64,3.5
53,64,3.3
54,64,3.1
55,64,3.3
56,64,3.2
57,64,2.8
58,64,2.7
59,64,2.6
60,64,2.2
61,64,1.8
62,64,1.5
63,64,1.1
64,64,0.8
65,64,1.3
66,64,2.0
67,64,2.2
68,64,2.5
1,65,6.6
2,65,6.7
3,65,6.4
4,65,6.1
5,65,6.0
6,65,5.8
7,65,5.6
8,65,5.5
9,65,5.2
10,65,5.1
11,65,4.8
12,65,4.6
13,65,4.3
14,65,3.3
15,65,3.7
16,65,4.0
17,65,4.3
18,65,4.3
19,65,4.5
20,65,5.0
21,65,5.2
22,65,5.2
23,65,5.4
24,65,5.6
25,65,5.4
26,65,5.6
27,65,5.8
28,65,6.0
29,65,5.6
30,65,5.8
31,65,6.0
32,65,6.1
33,65,5.5
34,65,5.6
35,65,6.5
36,65,6.1
37,65,5.7
38,65,5.0
39,65,4.9
40,65,4.6
41,65,4.5
42,65,4.3
43,65,4.1
44,65,3.9
45,65,3.8
46,65,3.6
47,65,3.5
48,65,3.2
49,65,3.1
50,65,3.5
51,65,3.3
52,65,3.8
53,65,3.6
54,65,3.4
55,65,3.2
56,65,3.1
57,65,3.2
58,65,3.0
59,65,2.7
60,65,2.6
61,65,2.1
62,65,1.8
63,65,1.5
64,65,1.3
65,65,0.8
66,65,1.7
67,65,1.8
68,65,2.1
1,66,7.1
2,66,7.2
3,66,6.9
4,66,6.6
5,66,6.5
6,66,6.3
7,66,6.1
8,66,5.9
9,66,5.7
10,66,5.6
11,66,5.3
12,66,5.1
13,66,4.8
14,66,3.7
15,66,4.1
16,66,4.4
17,66,4.7
18,66,4.7
19,66,4.9
20,66,5.4
21,66,5.6
22,66,5.6
23,66,5.8
24,66,6.0
25,66,5.8
26,66,6.0
27,66,6.2
28,66,6.4
29,66,6.0
30,66,6.2
31,66,6.4
32,66,6.5
33,66,5.9
34,66,6.0
35,66,7.0
36,66,6.6
37,66,6.2
38,66,6.2
39,66,6.0
40,66,5.7
41,66,5.6
42,66,5.3
43,66,5.1
44,66,4.9
45,66,4.7
46,66,4.5
47,66,4.3
48,66,4.0
49,66,3.9
50,66,3.6
51,66,3.7
52,66,3.6
53,66,3.5
54,66,3.3
55,66,3.7
56,66,3.6
57,66,3.3
58,66,3.1
59,66,3.3
60,66,3.0
61,66,2.6
62,66,2.5
63,66,2.2
64,66,2.0
65,66,1.7
66,66,0.8
67,66,1.1
68,66,1.4
1,67,7.2
2,67,7.3
3,67,7.0
4,67,6.8
5,67,6.6
6,67,6.4
7,67,6.3
8,67,6.1
9,67,5.8
10,67,5.7
11,67,5.5
12,67,5.2
13,67,4.9
14,67,3.8
15,67,4.2
16,67,4.5
17,67,4.8
18,67,4.8
19,67,5.0
20,67,5.5
21,67,5.7
22,67,5.7
23,67,5.9
24,67,6.1
25,67,5.9
26,67,6.1
27,67,6.3
28,67,6.5
29,67,6.1
30,67,6.3
31,67,6.5
32,67,6.6
33,67,6.0
34,67,6.1
35,67,7.1
36,67,6.7
37,67,6.3
38,67,6.2
39,67,6.1
40,67,5.8
41,67,5.7
42,67,5.4
43,67,5.2
44,67,5.0
45,67,4.8
46,67,4.6
47,67,4.4
48,67,4.1
49,67,4.0
50,67,3.7
51,67,3.8
52,67,3.7
53,67,3.6
54,67,3.4
55,67,3.3
56,67,3.7
57,67,3.4
58,67,3.3
59,67,3.4
60,67,3.1
61,67,2.7
62,67,2.7
63,67,2.3
64,67,2.2
65,67,1.8
66,67,1.1
67,67,0.8
68,67,1.2
1,68,6.8
2,68,7.0
3,68,6.6
4,68,6.4
5,68,6.2
6,68,6.0
7,68,5.9
8,68,5.7
9,68,5.5
10,68,5.4
11,68,5.1
12,68,4.8
13,68,4.5
14,68,3.2
15,68,3.6
16,68,3.9
17,68,4.2
18,68,4.2
19,68,4.4
20,68,5.0
21,68,5.1
22,68,5.1
23,68,5.3
24,68,5.5
25,68,5.4
26,68,5.5
27,68,5.7
28,68,5.9
29,68,5.6
30,68,5.7
31,68,5.9
32,68,6.0
33,68,5.5
34,68,5.6
35,68,6.7
36,68,6.4
37,68,5.9
38,68,6.4
39,68,6.3
40,68,6.0
41,68,5.8
42,68,5.5
43,68,5.4
44,68,5.1
45,68,5.0
46,68,4.8
47,68,4.6
48,68,4.3
49,68,4.2
50,68,3.8
51,68,3.2
52,68,3.2
53,68,3.8
54,68,3.6
55,68,3.4
56,68,3.3
57,68,3.6
58,68,3.5
59,68,3.2
60,68,3.4
61,68,3.0
62,68,2.7
63,68,2.7
64,68,2.5
65,68,2.1
66,68,1.4
67,68,1.2
68,68,0.8
