origin_id,destination_id,time
1,1,0
2,1,3
3,1,7
4,1,9
5,1,15
6,1,17
7,1,18
8,1,19
9,1,21
10,1,22
11,1,24
12,1,26
13,1,28
14,1,29
15,1,32
16,1,34
17,1,37
18,1,38
19,1,40
20,1,44
21,1,46
22,1,49
23,1,52
24,1,54
25,1,57
26,1,59
27,1,62
28,1,63
29,1,67
30,1,69
31,1,72
32,1,73
33,1,76
34,1,78
35,1,81
36,1,84
37,1,88
38,1,62
39,1,59
40,1,54
41,1,52
42,1,48
43,1,46
44,1,44
45,1,42
46,1,38
47,1,34
48,1,63
49,1,60
50,1,55
51,1,53
52,1,49
53,1,47
54,1,45
55,1,43
56,1,39
57,1,35
58,1,64
59,1,61
60,1,56
61,1,54
62,1,50
63,1,48
64,1,46
65,1,44
66,1,40
67,1,36
68,1,65
1,2,3
2,2,0
3,2,4
4,2,6
5,2,12
6,2,14
7,2,15
8,2,16
9,2,18
10,2,19
11,2,21
12,2,23
13,2,25
14,2,26
15,2,29
16,2,31
17,2,34
18,2,35
19,2,37
20,2,41
21,2,43
22,2,46
23,2,49
24,2,51
25,2,54
26,2,56
27,2,59
28,2,60
29,2,64
30,2,66
31,2,69
32,2,70
33,2,73
34,2,75
35,2,78
36,2,81
37,2,85
38,2,59
39,2,56
40,2,51
41,2,49
42,2,45
43,2,43
44,2,41
45,2,39
46,2,35
47,2,31
48,2,60
49,2,57
50,2,52
51,2,50
52,2,46
53,2,44
54,2,42
55,2,40
56,2,36
57,2,32
58,2,61
59,2,58
60,2,53
61,2,51
62,2,47
63,2,45
64,2,43
65,2,41
66,2,37
67,2,33
68,2,62
1,3,7
2,3,4
3,3,0
4,3,2
5,3,8
6,3,10
7,3,11
8,3,12
9,3,14
10,3,15
11,3,17
12,3,19
13,3,21
14,3,22
15,3,25
16,3,27
17,3,30
18,3,31
19,3,33
20,3,37
21,3,39
22,3,42
23,3,45
24,3,47
25,3,50
26,3,52
27,3,55
28,3,56
29,3,60
30,3,62
31,3,65
32,3,66
33,3,69
34,3,71
35,3,74
36,3,77
37,3,81
38,3,56
39,3,53
40,3,48
41,3,46
42,3,42
43,3,40
44,3,38
45,3,36
46,3,32
47,3,28
48,3,57
49,3,54
50,3,49
51,3,47
52,3,43
53,3,41
54,3,39
55,3,37
56,3,33
57,3,29
58,3,58
59,3,55
60,3,50
61,3,48
62,3,44
63,3,42
64,3,40
65,3,38
66,3,34
67,3,30
68,3,59
1,4,9
2,4,6
3,4,2
4,4,0
5,4,6
6,4,8
7,4,9
8,4,10
9,4,12
10,4,13
11,4,15
12,4,17
13,4,19
14,4,20
15,4,23
16,4,25
17,4,28
18,4,29
19,4,31
20,4,35
21,4,37
22,4,40
23,4,43
24,4,45
25,4,48
26,4,50
27,4,53
28,4,54
29,4,58
30,4,60
31,4,63
32,4,64
33,4,67
34,4,69
35,4,72
36,4,75
37,4,79
38,4,54
39,4,51
40,4,46
41,4,44
42,4,40
43,4,38
44,4,36
45,4,34
46,4,30
47,4,26
48,4,55
49,4,52
50,4,47
51,4,45
52,4,41
53,4,39
54,4,37
55,4,35
56,4,31
57,4,27
58,4,56
59,4,53
60,4,48
61,4,46
62,4,42
63,4,40
64,4,38
65,4,36
66,4,32
67,4,28
68,4,57
1,5,15
2,5,12
3,5,8
4,5,6
5,5,0
6,5,2
7,5,3
8,5,4
9,5,6
10,5,7
11,5,9
12,5,11
13,5,13
14,5,14
15,5,17
16,5,19
17,5,22
18,5,23
19,5,25
20,5,29
21,5,31
22,5,34
23,5,37
24,5,39
25,5,42
26,5,44
27,5,47
28,5,48
29,5,52
30,5,54
31,5,57
32,5,58
33,5,61
34,5,63
35,5,66
36,5,69
37,5,73
38,5,51
39,5,48
40,5,43
41,5,41
42,5,37
43,5,35
44,5,33
45,5,31
46,5,27
47,5,23
48,5,52
49,5,49
50,5,44
51,5,42
52,5,38
53,5,36
54,5,34
55,5,32
56,5,28
57,5,24
58,5,53
59,5,50
60,5,45
61,5,43
62,5,39
63,5,37
64,5,35
65,5,33
66,5,29
67,5,25
68,5,54
1,6,17
2,6,14
3,6,10
4,6,8
5,6,2
6,6,0
7,6,1
8,6,2
9,6,4
10,6,5
11,6,7
12,6,9
13,6,11
14,6,12
15,6,15
16,6,17
17,6,20
18,6,21
19,6,23
20,6,27
21,6,29
22,6,32
23,6,35
24,6,37
25,6,40
26,6,42
27,6,45
28,6,46
29,6,50
30,6,52
31,6,55
32,6,56
33,6,59
34,6,61
35,6,64
36,6,67
37,6,71
38,6,49
39,6,46
40,6,41
41,6,39
42,6,35
43,6,33
44,6,31
45,6,29
46,6,25
47,6,21
48,6,50
49,6,47
50,6,42
51,6,40
52,6,36
53,6,34
54,6,32
55,6,30
56,6,26
57,6,22
58,6,51
59,6,48
60,6,43
61,6,41
62,6,37
63,6,35
64,6,33
65,6,31
66,6,27
67,6,23
68,6,52
1,7,18
2,7,15
3,7,11
4,7,9
5,7,3
6,7,1
7,7,0
8,7,1
9,7,3
10,7,4
11,7,6
12,7,8
13,7,10
14,7,11
15,7,14
16,7,16
17,7,19
18,7,20
19,7,22
20,7,26
21,7,28
22,7,31
23,7,34
24,7,36
25,7,39
26,7,41
27,7,44
28,7,45
29,7,49
30,7,51
31,7,54
32,7,55
33,7,58
34,7,60
35,7,63
36,7,66
37,7,70
38,7,47
39,7,44
40,7,39
41,7,37
42,7,33
43,7,31
44,7,29
45,7,27
46,7,23
47,7,19
48,7,48
49,7,45
50,7,40
51,7,38
52,7,34
53,7,32
54,7,30
55,7,28
56,7,24
57,7,20
58,7,49
59,7,46
60,7,41
61,7,39
62,7,35
63,7,33
64,7,31
65,7,29
66,7,25
67,7,21
68,7,50
1,8,19
2,8,16
3,8,12
4,8,10
5,8,4
6,8,2
7,8,1
8,8,0
9,8,2
10,8,3
11,8,5
12,8,7
13,8,9
14,8,10
15,8,13
16,8,15
17,8,18
18,8,19
19,8,21
20,8,25
21,8,27
22,8,30
23,8,33
24,8,35
25,8,38
26,8,40
27,8,43
28,8,44
29,8,48
30,8,50
31,8,53
32,8,54
33,8,57
34,8,59
35,8,62
36,8,65
37,8,69
38,8,45
39,8,42
40,8,37
41,8,35
42,8,31
43,8,29
44,8,27
45,8,25
46,8,21
47,8,17
48,8,46
49,8,43
50,8,38
51,8,36
52,8,32
53,8,30
54,8,28
55,8,26
56,8,22
57,8,18
58,8,47
59,8,44
60,8,39
61,8,37
62,8,33
63,8,31
64,8,29
65,8,27
66,8,23
67,8,19
68,8,48
1,9,21
2,9,18
3,9,14
4,9,12
5,9,6
6,9,4
7,9,3
8,9,2
9,9,0
10,9,1
11,9,3
12,9,5
13,9,7
14,9,8
15,9,11
16,9,13
17,9,16
18,9,17
19,9,19
20,9,23
21,9,25
22,9,28
23,9,31
24,9,33
25,9,36
26,9,38
27,9,41
28,9,42
29,9,46
30,9,48
31,9,51
32,9,52
33,9,55
34,9,57
35,9,60
36,9,63
37,9,67
38,9,43
39,9,40
40,9,35
41,9,33
42,9,29
43,9,27
44,9,25
45,9,23
46,9,19
47,9,15
48,9,44
49,9,41
50,9,36
51,9,34
52,9,30
53,9,28
54,9,26
55,9,24
56,9,20
57,9,16
58,9,45
59,9,42
60,9,37
61,9,35
62,9,31
63,9,29
64,9,27
65,9,25
66,9,21
67,9,17
68,9,46
1,10,22
2,10,19
3,10,15
4,10,13
5,10,7
6,10,5
7,10,4
8,10,3
9,10,1
10,10,0
11,10,2
12,10,4
13,10,6
14,10,7
15,10,10
16,10,12
17,10,15
18,10,16
19,10,18
20,10,22
21,10,24
22,10,27
23,10,30
24,10,32
25,10,35
26,10,37
27,10,40
28,10,41
29,10,45
30,10,47
31,10,50
32,10,51
33,10,54
34,10,56
35,10,59
36,10,62
37,10,66
38,10,41
39,10,38
40,10,33
41,10,31
42,10,27
43,10,25
44,10,23
45,10,21
46,10,17
47,10,13
48,10,42
49,10,39
50,10,34
51,10,32
52,10,28
53,10,26
54,10,24
55,10,22
56,10,18
57,10,14
58,10,43
59,10,40
60,10,35
61,10,33
62,10,29
63,10,27
64,10,25
65,10,23
66,10,19
67,10,15
68,10,44
1,11,24
2,11,21
3,11,17
4,11,15
5,11,9
6,11,7
7,11,6
8,11,5
9,11,3
10,11,2
11,11,0
12,11,2
13,11,4
14,11,5
15,11,8
16,11,10
17,11,13
18,11,14
19,11,16
20,11,20
21,11,22
22,11,25
23,11,28
24,11,30
25,11,33
26,11,35
27,11,38
28,11,39
29,11,43
30,11,45
31,11,48
32,11,49
33,11,52
34,11,54
35,11,57
36,11,60
37,11,64
38,11,39
39,11,36
40,11,31
41,11,29
42,11,25
43,11,23
44,11,21
45,11,19
46,11,15
47,11,11
48,11,40
49,11,37
50,11,32
51,11,30
52,11,26
53,11,24
54,11,22
55,11,20
56,11,16
57,11,12
58,11,41
59,11,38
60,11,33
61,11,31
62,11,27
63,11,25
64,11,23
65,11,21
66,11,17
67,11,13
68,11,42
1,12,26
2,12,23
3,12,19
4,12,17
5,12,11
6,12,9
7,12,8
8,12,7
9,12,5
10,12,4
11,12,2
12,12,0
13,12,2
14,12,3
15,12,6
16,12,8
17,12,11
18,12,12
19,12,14
20,12,18
21,12,20
22,12,23
23,12,26
24,12,28
25,12,31
26,12,33
27,12,36
28,12,37
29,12,41
30,12,43
31,12,46
32,12,47
33,12,50
34,12,52
35,12,55
36,12,58
37,12,62
38,12,38
39,12,35
40,12,30
41,12,28
42,12,24
43,12,22
44,12,20
45,12,18
46,12,14
47,12,10
48,12,39
49,12,36
50,12,31
51,12,29
52,12,25
53,12,23
54,12,21
55,12,19
56,12,15
57,12,11
58,12,40
59,12,37
60,12,32
61,12,30
62,12,26
63,12,24
64,12,22
65,12,20
66,12,16
67,12,12
68,12,41
1,13,28
2,13,25
3,13,21
4,13,19
5,13,13
6,13,11
7,13,10
8,13,9
9,13,7
10,13,6
11,13,4
12,13,2
13,13,0
14,13,1
15,13,4
16,13,6
17,13,9
18,13,10
19,13,12
20,13,16
21,13,18
22,13,21
23,13,24
24,13,26
25,13,29
26,13,31
27,13,34
28,13,35
29,13,39
30,13,41
31,13,44
32,13,45
33,13,48
34,13,50
35,13,53
36,13,56
37,13,60
38,13,35
39,13,32
40,13,27
41,13,25
42,13,21
43,13,19
44,13,17
45,13,15
46,13,11
47,13,7
48,13,36
49,13,33
50,13,28
51,13,26
52,13,22
53,13,20
54,13,18
55,13,16
56,13,12
57,13,8
58,13,37
59,13,34
60,13,29
61,13,27
62,13,23
63,13,21
64,13,19
65,13,17
66,13,13
67,13,9
68,13,38
1,14,29
2,14,26
3,14,22
4,14,20
5,14,14
6,14,12
7,14,11
8,14,10
9,14,8
10,14,7
11,14,5
12,14,3
13,14,1
14,14,0
15,14,3
16,14,5
17,14,8
18,14,9
19,14,11
20,14,15
21,14,17
22,14,20
23,14,23
24,14,25
25,14,28
26,14,30
27,14,33
28,14,34
29,14,38
30,14,40
31,14,43
32,14,44
33,14,47
34,14,49
35,14,52
36,14,55
37,14,59
38,14,33
39,14,30
40,14,25
41,14,23
42,14,19
43,14,17
44,14,15
45,14,13
46,14,9
47,14,5
48,14,34
49,14,31
50,14,26
51,14,24
52,14,20
53,14,18
54,14,16
55,14,14
56,14,10
57,14,6
58,14,35
59,14,32
60,14,27
61,14,25
62,14,21
63,14,19
64,14,17
65,14,15
66,14,11
67,14,7
68,14,36
1,15,32
2,15,29
3,15,25
4,15,23
5,15,17
6,15,15
7,15,14
8,15,13
9,15,11
10,15,10
11,15,8
12,15,6
13,15,4
14,15,3
15,15,0
16,15,2
17,15,5
18,15,6
19,15,8
20,15,12
21,15,14
22,15,17
23,15,20
24,15,22
25,15,25
26,15,27
27,15,30
28,15,31
29,15,35
30,15,37
31,15,40
32,15,41
33,15,44
34,15,46
35,15,49
36,15,52
37,15,56
38,15,36
39,15,33
40,15,28
41,15,26
42,15,22
43,15,20
44,15,18
45,15,16
46,15,12
47,15,8
48,15,37
49,15,34
50,15,29
51,15,27
52,15,23
53,15,21
54,15,19
55,15,17
56,15,13
57,15,9
58,15,38
59,15,35
60,15,30
61,15,28
62,15,24
63,15,22
64,15,20
65,15,18
66,15,14
67,15,10
68,15,39
1,16,34
2,16,31
3,16,27
4,16,25
5,16,19
6,16,17
7,16,16
8,16,15
9,16,13
10,16,12
11,16,10
12,16,8
13,16,6
14,16,5
15,16,2
16,16,0
17,16,3
18,16,4
19,16,6
20,16,10
21,16,12
22,16,15
23,16,18
24,16,20
25,16,23
26,16,25
27,16,28
28,16,29
29,16,33
30,16,35
31,16,38
32,16,39
33,16,42
34,16,44
35,16,47
36,16,50
37,16,54
38,16,38
39,16,35
40,16,30
41,16,28
42,16,24
43,16,22
44,16,20
45,16,18
46,16,14
47,16,10
48,16,39
49,16,36
50,16,31
51,16,29
52,16,25
53,16,23
54,16,21
55,16,19
56,16,15
57,16,11
58,16,40
59,16,37
60,16,32
61,16,30
62,16,26
63,16,24
64,16,22
65,16,20
66,16,16
67,16,12
68,16,41
1,17,37
2,17,34
3,17,30
4,17,28
5,17,22
6,17,20
7,17,19
8,17,18
9,17,16
10,17,15
11,17,13
12,17,11
13,17,9
14,17,8
15,17,5
16,17,3
17,17,0
18,17,1
19,17,3
20,17,7
21,17,9
22,17,12
23,17,15
24,17,17
25,17,20
26,17,22
27,17,25
28,17,26
29,17,30
30,17,32
31,17,35
32,17,36
33,17,39
34,17,41
35,17,44
36,17,47
37,17,51
38,17,41
39,17,38
40,17,33
41,17,31
42,17,27
43,17,25
44,17,23
45,17,21
46,17,17
47,17,13
48,17,42
49,17,39
50,17,34
51,17,32
52,17,28
53,17,26
54,17,24
55,17,22
56,17,18
57,17,14
58,17,43
59,17,40
60,17,35
61,17,33
62,17,29
63,17,27
64,17,25
65,17,23
66,17,19
67,17,15
68,17,44
1,18,38
2,18,35
3,18,31
4,18,29
5,18,23
6,18,21
7,18,20
8,18,19
9,18,17
10,18,16
11,18,14
12,18,12
13,18,10
14,18,9
15,18,6
16,18,4
17,18,1
18,18,0
19,18,2
20,18,6
21,18,8
22,18,11
23,18,14
24,18,16
25,18,19
26,18,21
27,18,24
28,18,25
29,18,29
30,18,31
31,18,34
32,18,35
33,18,38
34,18,40
35,18,43
36,18,46
37,18,50
38,18,42
39,18,39
40,18,34
41,18,32
42,18,28
43,18,26
44,18,24
45,18,22
46,18,18
47,18,14
48,18,43
49,18,40
50,18,35
51,18,33
52,18,29
53,18,27
54,18,25
55,18,23
56,18,19
57,18,15
58,18,44
59,18,41
60,18,36
61,18,34
62,18,30
63,18,28
64,18,26
65,18,24
66,18,20
67,18,16
68,18,45
1,19,40
2,19,37
3,19,33
4,19,31
5,19,25
6,19,23
7,19,22
8,19,21
9,19,19
10,19,18
11,19,16
12,19,14
13,19,12
14,19,11
15,19,8
16,19,6
17,19,3
18,19,2
19,19,0
20,19,4
21,19,6
22,19,9
23,19,12
24,19,14
25,19,17
26,19,19
27,19,22
28,19,23
29,19,27
30,19,29
31,19,32
32,19,33
33,19,36
34,19,38
35,19,41
36,19,44
37,19,48
38,19,44
39,19,41
40,19,36
41,19,34
42,19,30
43,19,28
44,19,26
45,19,24
46,19,20
47,19,16
48,19,45
49,19,42
50,19,37
51,19,35
52,19,31
53,19,29
54,19,27
55,19,25
56,19,21
57,19,17
58,19,46
59,19,43
60,19,38
61,19,36
62,19,32
63,19,30
64,19,28
65,19,26
66,19,22
67,19,18
68,19,47
1,20,44
2,20,41
3,20,37
4,20,35
5,20,29
6,20,27
7,20,26
8,20,25
9,20,23
10,20,22
11,20,20
12,20,18
13,20,16
14,20,15
15,20,12
16,20,10
17,20,7
18,20,6
19,20,4
20,20,0
21,20,2
22,20,5
23,20,8
24,20,10
25,20,13
26,20,15
27,20,18
28,20,19
29,20,23
30,20,25
31,20,28
32,20,29
33,20,32
34,20,34
35,20,37
36,20,40
37,20,44
38,20,48
39,20,45
40,20,40
41,20,38
42,20,34
43,20,32
44,20,30
45,20,28
46,20,24
47,20,20
48,20,49
49,20,46
50,20,41
51,20,39
52,20,35
53,20,33
54,20,31
55,20,29
56,20,25
57,20,21
58,20,50
59,20,47
60,20,42
61,20,40
62,20,36
63,20,34
64,20,32
65,20,30
66,20,26
67,20,22
68,20,51
1,21,46
2,21,43
3,21,39
4,21,37
5,21,31
6,21,29
7,21,28
8,21,27
9,21,25
10,21,24
11,21,22
12,21,20
13,21,18
14,21,17
15,21,14
16,21,12
17,21,9
18,21,8
19,21,6
20,21,2
21,21,0
22,21,3
23,21,6
24,21,8
25,21,11
26,21,13
27,21,16
28,21,17
29,21,21
30,21,23
31,21,26
32,21,27
33,21,30
34,21,32
35,21,35
36,21,38
37,21,42
38,21,50
39,21,47
40,21,42
41,21,40
42,21,36
43,21,34
44,21,32
45,21,30
46,21,26
47,21,22
48,21,51
49,21,48
50,21,43
51,21,41
52,21,37
53,21,35
54,21,33
55,21,31
56,21,27
57,21,23
58,21,52
59,21,49
60,21,44
61,21,42
62,21,38
63,21,36
64,21,34
65,21,32
66,21,28
67,21,24
68,21,53
1,22,49
2,22,46
3,22,42
4,22,40
5,22,34
6,22,32
7,22,31
8,22,30
9,22,28
10,22,27
11,22,25
12,22,23
13,22,21
14,22,20
15,22,17
16,22,15
17,22,12
18,22,11
19,22,9
20,22,5
21,22,3
22,22,0
23,22,3
24,22,5
25,22,8
26,22,10
27,22,13
28,22,14
29,22,18
30,22,20
31,22,23
32,22,24
33,22,27
34,22,29
35,22,32
36,22,35
37,22,39
38,22,53
39,22,50
40,22,45
41,22,43
42,22,39
43,22,37
44,22,35
45,22,33
46,22,29
47,22,25
48,22,54
49,22,51
50,22,46
51,22,44
52,22,40
53,22,38
54,22,36
55,22,34
56,22,30
57,22,26
58,22,55
59,22,52
60,22,47
61,22,45
62,22,41
63,22,39
64,22,37
65,22,35
66,22,31
67,22,27
68,22,56
1,23,52
2,23,49
3,23,45
4,23,43
5,23,37
6,23,35
7,23,34
8,23,33
9,23,31
10,23,30
11,23,28
12,23,26
13,23,24
14,23,23
15,23,20
16,23,18
17,23,15
18,23,14
19,23,12
20,23,8
21,23,6
22,23,3
23,23,0
24,23,2
25,23,5
26,23,7
27,23,10
28,23,11
29,23,15
30,23,17
31,23,20
32,23,21
33,23,24
34,23,26
35,23,29
36,23,32
37,23,36
38,23,56
39,23,53
40,23,48
41,23,46
42,23,42
43,23,40
44,23,38
45,23,36
46,23,32
47,23,28
48,23,57
49,23,54
50,23,49
51,23,47
52,23,43
53,23,41
54,23,39
55,23,37
56,23,33
57,23,29
58,23,58
59,23,55
60,23,50
61,23,48
62,23,44
63,23,42
64,23,40
65,23,38
66,23,34
67,23,30
68,23,59
1,24,54
2,24,51
3,24,47
4,24,45
5,24,39
6,24,37
7,24,36
8,24,35
9,24,33
10,24,32
11,24,30
12,24,28
13,24,26
14,24,25
15,24,22
16,24,20
17,24,17
18,24,16
19,24,14
20,24,10
21,24,8
22,24,5
23,24,2
24,24,0
25,24,3
26,24,5
27,24,8
28,24,9
29,24,13
30,24,15
31,24,18
32,24,19
33,24,22
34,24,24
35,24,27
36,24,30
37,24,34
38,24,58
39,24,55
40,24,50
41,24,48
42,24,44
43,24,42
44,24,40
45,24,38
46,24,34
47,24,30
48,24,59
49,24,56
50,24,51
51,24,49
52,24,45
53,24,43
54,24,41
55,24,39
56,24,35
57,24,31
58,24,60
59,24,57
60,24,52
61,24,50
62,24,46
63,24,44
64,24,42
65,24,40
66,24,36
67,24,32
68,24,61
1,25,57
2,25,54
3,25,50
4,25,48
5,25,42
6,25,40
7,25,39
8,25,38
9,25,36
10,25,35
11,25,33
12,25,31
13,25,29
14,25,28
15,25,25
16,25,23
17,25,20
18,25,19
19,25,17
20,25,13
21,25,11
22,25,8
23,25,5
24,25,3
25,25,0
26,25,2
27,25,5
28,25,6
29,25,10
30,25,12
31,25,15
32,25,16
33,25,19
34,25,21
35,25,24
36,25,27
37,25,31
38,25,61
39,25,58
40,25,53
41,25,51
42,25,47
43,25,45
44,25,43
45,25,41
46,25,37
47,25,33
48,25,62
49,25,59
50,25,54
51,25,52
52,25,48
53,25,46
54,25,44
55,25,42
56,25,38
57,25,34
58,25,63
59,25,60
60,25,55
61,25,53
62,25,49
63,25,47
64,25,45
65,25,43
66,25,39
67,25,35
68,25,64
1,26,59
2,26,56
3,26,52
4,26,50
5,26,44
6,26,42
7,26,41
8,26,40
9,26,38
10,26,37
11,26,35
12,26,33
13,26,31
14,26,30
15,26,27
16,26,25
17,26,22
18,26,21
19,26,19
20,26,15
21,26,13
22,26,10
23,26,7
24,26,5
25,26,2
26,26,0
27,26,3
28,26,4
29,26,8
30,26,10
31,26,13
32,26,14
33,26,17
34,26,19
35,26,22
36,26,25
37,26,29
38,26,63
39,26,60
40,26,55
41,26,53
42,26,49
43,26,47
44,26,45
45,26,43
46,26,39
47,26,35
48,26,64
49,26,61
50,26,56
51,26,54
52,26,50
53,26,48
54,26,46
55,26,44
56,26,40
57,26,36
58,26,65
59,26,62
60,26,57
61,26,55
62,26,51
63,26,49
64,26,47
65,26,45
66,26,41
67,26,37
68,26,66
1,27,62
2,27,59
3,27,55
4,27,53
5,27,47
6,27,45
7,27,44
8,27,43
9,27,41
10,27,40
11,27,38
12,27,36
13,27,34
14,27,33
15,27,30
16,27,28
17,27,25
18,27,24
19,27,22
20,27,18
21,27,16
22,27,13
23,27,10
24,27,8
25,27,5
26,27,3
27,27,0
28,27,1
29,27,5
30,27,7
31,27,10
32,27,11
33,27,14
34,27,16
35,27,19
36,27,22
37,27,26
38,27,66
39,27,63
40,27,58
41,27,56
42,27,52
43,27,50
44,27,48
45,27,46
46,27,42
47,27,38
48,27,67
49,27,64
50,27,59
51,27,57
52,27,53
53,27,51
54,27,49
55,27,47
56,27,43
57,27,39
58,27,68
59,27,65
60,27,60
61,27,58
62,27,54
63,27,52
64,27,50
65,27,48
66,27,44
67,27,40
68,27,69
1,28,63
2,28,60
3,28,56
4,28,54
5,28,48
6,28,46
7,28,45
8,28,44
9,28,42
10,28,41
11,28,39
12,28,37
13,28,35
14,28,34
15,28,31
16,28,29
17,28,26
18,28,25
19,28,23
20,28,19
21,28,17
22,28,14
23,28,11
24,28,9
25,28,6
26,28,4
27,28,1
28,28,0
29,28,4
30,28,6
31,28,9
32,28,10
33,28,13
34,28,15
35,28,18
36,28,21
37,28,25
38,28,67
39,28,64
40,28,59
41,28,57
42,28,53
43,28,51
44,28,49
45,28,47
46,28,43
47,28,39
48,28,68
49,28,65
50,28,60
51,28,58
52,28,54
53,28,52
54,28,50
55,28,48
56,28,44
57,28,40
58,28,69
59,28,66
60,28,61
61,28,59
62,28,55
63,28,53
64,28,51
65,28,49
66,28,45
67,28,41
68,28,70
1,29,67
2,29,64
3,29,60
4,29,58
5,29,52
6,29,50
7,29,49
8,29,48
9,29,46
10,29,45
11,29,43
12,29,41
13,29,39
14,29,38
15,29,35
16,29,33
17,29,30
18,29,29
19,29,27
20,29,23
21,29,21
22,29,18
23,29,15
24,29,13
25,29,10
26,29,8
27,29,5
28,29,4
29,29,0
30,29,2
31,29,5
32,29,6
33,29,9
34,29,11
35,29,14
36,29,17
37,29,21
38,29,71
39,29,68
40,29,63
41,29,61
42,29,57
43,29,55
44,29,53
45,29,51
46,29,47
47,29,43
48,29,72
49,29,69
50,29,64
51,29,62
52,29,58
53,29,56
54,29,54
55,29,52
56,29,48
57,29,44
58,29,73
59,29,70
60,29,65
61,29,63
62,29,59
63,29,57
64,29,55
65,29,53
66,29,49
67,29,45
68,29,74
1,30,69
2,30,66
3,30,62
4,30,60
5,30,54
6,30,52
7,30,51
8,30,50
9,30,48
10,30,47
11,30,45
12,30,43
13,30,41
14,30,40
15,30,37
16,30,35
17,30,32
18,30,31
19,30,29
20,30,25
21,30,23
22,30,20
23,30,17
24,30,15
25,30,12
26,30,10
27,30,7
28,30,6
29,30,2
30,30,0
31,30,3
32,30,4
33,30,7
34,30,9
35,30,12
36,30,15
37,30,19
38,30,73
39,30,70
40,30,65
41,30,63
42,30,59
43,30,57
44,30,55
45,30,53
46,30,49
47,30,45
48,30,74
49,30,71
50,30,66
51,30,64
52,30,60
53,30,58
54,30,56
55,30,54
56,30,50
57,30,46
58,30,75
59,30,72
60,30,67
61,30,65
62,30,61
63,30,59
64,30,57
65,30,55
66,30,51
67,30,47
68,30,76
1,31,72
2,31,69
3,31,65
4,31,63
5,31,57
6,31,55
7,31,54
8,31,53
9,31,51
10,31,50
11,31,48
12,31,46
13,31,44
14,31,43
15,31,40
16,31,38
17,31,35
18,31,34
19,31,32
20,31,28
21,31,26
22,31,23
23,31,20
24,31,18
25,31,15
26,31,13
27,31,10
28,31,9
29,31,5
30,31,3
31,31,0
32,31,1
33,31,4
34,31,6
35,31,9
36,31,12
37,31,16
38,31,76
39,31,73
40,31,68
41,31,66
42,31,62
43,31,60
44,31,58
45,31,56
46,31,52
47,31,48
48,31,77
49,31,74
50,31,69
51,31,67
52,31,63
53,31,61
54,31,59
55,31,57
56,31,53
57,31,49
58,31,78
59,31,75
60,31,70
61,31,68
62,31,64
63,31,62
64,31,60
65,31,58
66,31,54
67,31,50
68,31,79
1,32,73
2,32,70
3,32,66
4,32,64
5,32,58
6,32,56
7,32,55
8,32,54
9,32,52
10,32,51
11,32,49
12,32,47
13,32,45
14,32,44
15,32,41
16,32,39
17,32,36
18,32,35
19,32,33
20,32,29
21,32,27
22,32,24
23,32,21
24,32,19
25,32,16
26,32,14
27,32,11
28,32,10
29,32,6
30,32,4
31,32,1
32,32,0
33,32,3
34,32,5
35,32,8
36,32,11
37,32,15
38,32,77
39,32,74
40,32,69
41,32,67
42,32,63
43,32,61
44,32,59
45,32,57
46,32,53
47,32,49
48,32,78
49,32,75
50,32,70
51,32,68
52,32,64
53,32,62
54,32,60
55,32,58
56,32,54
57,32,50
58,32,79
59,32,76
60,32,71
61,32,69
62,32,65
63,32,63
64,32,61
65,32,59
66,32,55
67,32,51
68,32,80
1,33,76
2,33,73
3,33,69
4,33,67
5,33,61
6,33,59
7,33,58
8,33,57
9,33,55
10,33,54
11,33,52
12,33,50
13,33,48
14,33,47
15,33,44
16,33,42
17,33,39
18,33,38
19,33,36
20,33,32
21,33,30
22,33,27
23,33,24
24,33,22
25,33,19
26,33,17
27,33,14
28,33,13
29,33,9
30,33,7
31,33,4
32,33,3
33,33,0
34,33,2
35,33,5
36,33,8
37,33,12
38,33,80
39,33,77
40,33,72
41,33,70
42,33,66
43,33,64
44,33,62
45,33,60
46,33,56
47,33,52
48,33,81
49,33,78
50,33,73
51,33,71
52,33,67
53,33,65
54,33,63
55,33,61
56,33,57
57,33,53
58,33,82
59,33,79
60,33,74
61,33,72
62,33,68
63,33,66
64,33,64
65,33,62
66,33,58
67,33,54
68,33,83
1,34,78
2,34,75
3,34,71
4,34,69
5,34,63
6,34,61
7,34,60
8,34,59
9,34,57
10,34,56
11,34,54
12,34,52
13,34,50
14,34,49
15,34,46
16,34,44
17,34,41
18,34,40
19,34,38
20,34,34
21,34,32
22,34,29
23,34,26
24,34,24
25,34,21
26,34,19
27,34,16
28,34,15
29,34,11
30,34,9
31,34,6
32,34,5
33,34,2
34,34,0
35,34,3
36,34,6
37,34,10
38,34,82
39,34,79
40,34,74
41,34,72
42,34,68
43,34,66
44,34,64
45,34,62
46,34,58
47,34,54
48,34,83
49,34,80
50,34,75
51,34,73
52,34,69
53,34,67
54,34,65
55,34,63
56,34,59
57,34,55
58,34,84
59,34,81
60,34,76
61,34,74
62,34,70
63,34,68
64,34,66
65,34,64
66,34,60
67,34,56
68,34,85
1,35,81
2,35,78
3,35,74
4,35,72
5,35,66
6,35,64
7,35,63
8,35,62
9,35,60
10,35,59
11,35,57
12,35,55
13,35,53
14,35,52
15,35,49
16,35,47
17,35,44
18,35,43
19,35,41
20,35,37
21,35,35
22,35,32
23,35,29
24,35,27
25,35,24
26,35,22
27,35,19
28,35,18
29,35,14
30,35,12
31,35,9
32,35,8
33,35,5
34,35,3
35,35,0
36,35,3
37,35,7
38,35,85
39,35,82
40,35,77
41,35,75
42,35,71
43,35,69
44,35,67
45,35,65
46,35,61
47,35,57
48,35,86
49,35,83
50,35,78
51,35,76
52,35,72
53,35,70
54,35,68
55,35,66
56,35,62
57,35,58
58,35,87
59,35,84
60,35,79
61,35,77
62,35,73
63,35,71
64,35,69
65,35,67
66,35,63
67,35,59
68,35,88
1,36,84
2,36,81
3,36,77
4,36,75
5,36,69
6,36,67
7,36,66
8,36,65
9,36,63
10,36,62
11,36,60
12,36,58
13,36,56
14,36,55
15,36,52
16,36,50
17,36,47
18,36,46
19,36,44
20,36,40
21,36,38
22,36,35
23,36,32
24,36,30
25,36,27
26,36,25
27,36,22
28,36,21
29,36,17
30,36,15
31,36,12
32,36,11
33,36,8
34,36,6
35,36,3
36,36,0
37,36,4
38,36,87
39,36,84
40,36,79
41,36,77
42,36,73
43,36,71
44,36,69
45,36,67
46,36,63
47,36,59
48,36,88
49,36,85
50,36,80
51,36,78
52,36,74
53,36,72
54,36,70
55,36,68
56,36,64
57,36,60
58,36,89
59,36,86
60,36,81
61,36,79
62,36,75
63,36,73
64,36,71
65,36,69
66,36,65
67,36,61
68,36,90
1,37,88
2,37,85
3,37,81
4,37,79
5,37,73
6,37,71
7,37,70
8,37,69
9,37,67
10,37,66
11,37,64
12,37,62
13,37,60
14,37,59
15,37,56
16,37,54
17,37,51
18,37,50
19,37,48
20,37,44
21,37,42
22,37,39
23,37,36
24,37,34
25,37,31
26,37,29
27,37,26
28,37,25
29,37,21
30,37,19
31,37,16
32,37,15
33,37,12
34,37,10
35,37,7
36,37,4
37,37,0
38,37,91
39,37,88
40,37,83
41,37,81
42,37,77
43,37,75
44,37,73
45,37,71
46,37,67
47,37,63
48,37,92
49,37,89
50,37,84
51,37,82
52,37,78
53,37,76
54,37,74
55,37,72
56,37,68
57,37,64
58,37,93
59,37,90
60,37,85
61,37,83
62,37,79
63,37,77
64,37,75
65,37,73
66,37,69
67,37,65
68,37,94
1,38,66
2,38,63
3,38,59
4,38,57
5,38,51
6,38,49
7,38,48
8,38,47
9,38,45
10,38,44
11,38,42
12,38,40
13,38,38
14,38,37
15,38,40
16,38,42
17,38,45
18,38,46
19,38,48
20,38,52
21,38,54
22,38,57
23,38,60
24,38,62
25,38,65
26,38,67
27,38,70
28,38,71
29,38,75
30,38,77
31,38,80
32,38,81
33,38,84
34,38,86
35,38,89
36,38,92
37,38,96
38,38,0
39,38,3
40,38,5
41,38,15
42,38,19
43,38,21
44,38,23
45,38,25
46,38,28
47,38,31
48,38,34
49,38,36
50,38,37
51,38,39
52,38,41
53,38,43
54,38,46
55,38,49
56,38,50
57,38,54
58,38,56
59,38,58
60,38,61
61,38,63
62,38,66
63,38,68
64,38,70
65,38,73
66,38,77
67,38,78
68,38,81
1,39,64
2,39,61
3,39,57
4,39,55
5,39,49
6,39,47
7,39,46
8,39,45
9,39,43
10,39,42
11,39,40
12,39,38
13,39,36
14,39,35
15,39,38
16,39,40
17,39,43
18,39,44
19,39,46
20,39,50
21,39,52
22,39,55
23,39,58
24,39,60
25,39,63
26,39,65
27,39,68
28,39,69
29,39,73
30,39,75
31,39,78
32,39,79
33,39,82
34,39,84
35,39,87
36,39,90
37,39,94
38,39,3
39,39,0
40,39,3
41,39,12
42,39,12
43,39,19
44,39,19
45,39,18
46,39,25
47,39,28
48,39,31
49,39,34
50,39,36
51,39,37
52,39,39
53,39,41
54,39,43
55,39,46
56,39,49
57,39,50
58,39,54
59,39,56
60,39,58
61,39,61
62,39,63
63,39,66
64,39,68
65,39,70
66,39,73
67,39,77
68,39,78
1,40,62
2,40,59
3,40,55
4,40,53
5,40,47
6,40,45
7,40,44
8,40,43
9,40,41
10,40,40
11,40,38
12,40,36
13,40,34
14,40,33
15,40,36
16,40,38
17,40,41
18,40,42
19,40,44
20,40,48
21,40,50
22,40,53
23,40,56
24,40,58
25,40,61
26,40,63
27,40,66
28,40,67
29,40,71
30,40,73
31,40,76
32,40,77
33,40,80
34,40,82
35,40,85
36,40,88
37,40,92
38,40,5
39,40,3
40,40,0
41,40,4
42,40,7
43,40,10
44,40,13
45,40,15
46,40,18
47,40,25
48,40,28
49,40,31
50,40,34
51,40,36
52,40,37
53,40,39
54,40,41
55,40,43
56,40,46
57,40,49
58,40,50
59,40,54
60,40,56
61,40,58
62,40,61
63,40,63
64,40,66
65,40,68
66,40,70
67,40,73
68,40,77
1,41,59
2,41,56
3,41,52
4,41,50
5,41,44
6,41,42
7,41,41
8,41,40
9,41,38
10,41,37
11,41,35
12,41,33
13,41,31
14,41,30
15,41,33
16,41,35
17,41,38
18,41,39
19,41,41
20,41,45
21,41,47
22,41,50
23,41,53
24,41,55
25,41,58
26,41,60
27,41,63
28,41,64
29,41,68
30,41,70
31,41,73
32,41,74
33,41,77
34,41,79
35,41,82
36,41,85
37,41,89
38,41,15
39,41,8
40,41,3
41,41,0
42,41,4
43,41,7
44,41,10
45,41,12
46,41,15
47,41,18
48,41,25
49,41,28
50,41,31
51,41,34
52,41,36
53,41,37
54,41,39
55,41,41
56,41,43
57,41,46
58,41,49
59,41,50
60,41,54
61,41,56
62,41,58
63,41,61
64,41,63
65,41,66
66,41,68
67,41,70
68,41,73
1,42,56
2,42,53
3,42,49
4,42,47
5,42,41
6,42,39
7,42,38
8,42,37
9,42,35
10,42,34
11,42,32
12,42,30
13,42,28
14,42,27
15,42,30
16,42,32
17,42,35
18,42,36
19,42,38
20,42,42
21,42,44
22,42,47
23,42,50
24,42,52
25,42,55
26,42,57
27,42,60
28,42,61
29,42,65
30,42,67
31,42,70
32,42,71
33,42,74
34,42,76
35,42,79
36,42,82
37,42,86
38,42,19
39,42,12
40,42,7
41,42,5
42,42,0
43,42,4
44,42,7
45,42,9
46,42,12
47,42,15
48,42,18
49,42,25
50,42,28
51,42,31
52,42,34
53,42,36
54,42,37
55,42,39
56,42,41
57,42,43
58,42,46
59,42,49
60,42,50
61,42,54
62,42,56
63,42,58
64,42,61
65,42,63
66,42,66
67,42,68
68,42,70
1,43,53
2,43,50
3,43,46
4,43,44
5,43,38
6,43,36
7,43,35
8,43,34
9,43,32
10,43,31
11,43,29
12,43,27
13,43,25
14,43,24
15,43,27
16,43,29
17,43,32
18,43,33
19,43,35
20,43,39
21,43,41
22,43,44
23,43,47
24,43,49
25,43,52
26,43,54
27,43,57
28,43,58
29,43,62
30,43,64
31,43,67
32,43,68
33,43,71
34,43,73
35,43,76
36,43,79
37,43,83
38,43,21
39,43,14
40,43,9
41,43,7
42,43,3
43,43,0
44,43,4
45,43,6
46,43,9
47,43,12
48,43,15
49,43,18
50,43,25
51,43,28
52,43,31
53,43,34
54,43,36
55,43,37
56,43,39
57,43,41
58,43,43
59,43,46
60,43,49
61,43,50
62,43,54
63,43,56
64,43,58
65,43,61
66,43,63
67,43,66
68,43,68
1,44,50
2,44,47
3,44,43
4,44,41
5,44,35
6,44,33
7,44,32
8,44,31
9,44,29
10,44,28
11,44,26
12,44,24
13,44,22
14,44,21
15,44,24
16,44,26
17,44,29
18,44,30
19,44,32
20,44,36
21,44,38
22,44,41
23,44,44
24,44,46
25,44,49
26,44,51
27,44,54
28,44,55
29,44,59
30,44,61
31,44,64
32,44,65
33,44,68
34,44,70
35,44,73
36,44,76
37,44,80
38,44,23
39,44,16
40,44,11
41,44,9
42,44,5
43,44,3
44,44,0
45,44,3
46,44,6
47,44,9
48,44,12
49,44,15
50,44,18
51,44,25
52,44,28
53,44,31
54,44,34
55,44,36
56,44,37
57,44,39
58,44,41
59,44,43
60,44,46
61,44,49
62,44,50
63,44,54
64,44,56
65,44,58
66,44,61
67,44,63
68,44,66
1,45,48
2,45,45
3,45,41
4,45,39
5,45,33
6,45,31
7,45,30
8,45,29
9,45,27
10,45,26
11,45,24
12,45,22
13,45,20
14,45,19
15,45,22
16,45,24
17,45,27
18,45,28
19,45,30
20,45,34
21,45,36
22,45,39
23,45,42
24,45,44
25,45,47
26,45,49
27,45,52
28,45,53
29,45,57
30,45,59
31,45,62
32,45,63
33,45,66
34,45,68
35,45,71
36,45,74
37,45,78
38,45,25
39,45,18
40,45,13
41,45,11
42,45,7
43,45,5
44,45,3
45,45,0
46,45,4
47,45,7
48,45,9
49,45,12
50,45,15
51,45,18
52,45,25
53,45,28
54,45,31
55,45,34
56,45,36
57,45,37
58,45,39
59,45,41
60,45,43
61,45,46
62,45,49
63,45,50
64,45,54
65,45,56
66,45,58
67,45,61
68,45,63
1,46,45
2,46,42
3,46,38
4,46,36
5,46,30
6,46,28
7,46,27
8,46,26
9,46,24
10,46,23
11,46,21
12,46,19
13,46,17
14,46,16
15,46,19
16,46,21
17,46,24
18,46,25
19,46,27
20,46,31
21,46,33
22,46,36
23,46,39
24,46,41
25,46,44
26,46,46
27,46,49
28,46,50
29,46,54
30,46,56
31,46,59
32,46,60
33,46,63
34,46,65
35,46,68
36,46,71
37,46,75
38,46,28
39,46,21
40,46,16
41,46,14
42,46,10
43,46,8
44,46,6
45,46,4
46,46,0
47,46,4
48,46,7
49,46,9
50,46,12
51,46,15
52,46,18
53,46,25
54,46,28
55,46,31
56,46,34
57,46,36
58,46,37
59,46,39
60,46,41
61,46,43
62,46,46
63,46,49
64,46,50
65,46,54
66,46,56
67,46,58
68,46,61
1,47,42
2,47,39
3,47,35
4,47,33
5,47,27
6,47,25
7,47,24
8,47,23
9,47,21
10,47,20
11,47,18
12,47,16
13,47,14
14,47,13
15,47,16
16,47,18
17,47,21
18,47,22
19,47,24
20,47,28
21,47,30
22,47,33
23,47,36
24,47,38
25,47,41
26,47,43
27,47,46
28,47,47
29,47,51
30,47,53
31,47,56
32,47,57
33,47,60
34,47,62
35,47,65
36,47,68
37,47,72
38,47,31
39,47,24
40,47,19
41,47,17
42,47,13
43,47,11
44,47,9
45,47,7
46,47,4
47,47,0
48,47,4
49,47,7
50,47,9
51,47,12
52,47,15
53,47,18
54,47,25
55,47,28
56,47,31
57,47,34
58,47,36
59,47,37
60,47,39
61,47,41
62,47,43
63,47,46
64,47,49
65,47,50
66,47,54
67,47,56
68,47,58
1,48,38
2,48,35
3,48,31
4,48,29
5,48,23
6,48,21
7,48,20
8,48,19
9,48,17
10,48,16
11,48,14
12,48,12
13,48,10
14,48,9
15,48,12
16,48,14
17,48,17
18,48,18
19,48,20
20,48,24
21,48,26
22,48,29
23,48,32
24,48,34
25,48,37
26,48,39
27,48,42
28,48,43
29,48,47
30,48,49
31,48,52
32,48,53
33,48,56
34,48,58
35,48,61
36,48,64
37,48,68
38,48,34
39,48,27
40,48,22
41,48,20
42,48,16
43,48,14
44,48,12
45,48,10
46,48,7
47,48,4
48,48,0
49,48,4
50,48,7
51,48,9
52,48,12
53,48,15
54,48,18
55,48,25
56,48,28
57,48,31
58,48,34
59,48,36
60,48,37
61,48,39
62,48,41
63,48,43
64,48,46
65,48,49
66,48,50
67,48,54
68,48,56
1,49,36
2,49,33
3,49,29
4,49,27
5,49,21
6,49,19
7,49,18
8,49,17
9,49,15
10,49,14
11,49,12
12,49,10
13,49,8
14,49,7
15,49,10
16,49,12
17,49,15
18,49,16
19,49,18
20,49,22
21,49,24
22,49,27
23,49,30
24,49,32
25,49,35
26,49,37
27,49,40
28,49,41
29,49,45
30,49,47
31,49,50
32,49,51
33,49,54
34,49,56
35,49,59
36,49,62
37,49,66
38,49,36
39,49,29
40,49,24
41,49,22
42,49,18
43,49,16
44,49,14
45,49,12
46,49,9
47,49,7
48,49,4
49,49,0
50,49,4
51,49,7
52,49,9
53,49,12
54,49,15
55,49,18
56,49,25
57,49,28
58,49,31
59,49,34
60,49,36
61,49,37
62,49,39
63,49,41
64,49,43
65,49,46
66,49,49
67,49,50
68,49,54
1,50,32
2,50,29
3,50,25
4,50,23
5,50,17
6,50,15
7,50,14
8,50,13
9,50,11
10,50,10
11,50,8
12,50,6
13,50,4
14,50,3
15,50,6
16,50,8
17,50,11
18,50,12
19,50,14
20,50,18
21,50,20
22,50,23
23,50,26
24,50,28
25,50,31
26,50,33
27,50,36
28,50,37
29,50,41
30,50,43
31,50,46
32,50,47
33,50,50
34,50,52
35,50,55
36,50,58
37,50,62
38,50,37
39,50,34
40,50,29
41,50,27
42,50,23
43,50,21
44,50,19
45,50,17
46,50,11
47,50,10
48,50,7
49,50,4
50,50,0
51,50,4
52,50,7
53,50,9
54,50,12
55,50,15
56,50,18
57,50,25
58,50,28
59,50,31
60,50,34
61,50,36
62,50,37
63,50,39
64,50,41
65,50,43
66,50,46
67,50,49
68,50,50
1,51,30
2,51,27
3,51,23
4,51,21
5,51,15
6,51,13
7,51,12
8,51,11
9,51,9
10,51,8
11,51,6
12,51,4
13,51,2
14,51,1
15,51,4
16,51,6
17,51,9
18,51,10
19,51,12
20,51,16
21,51,18
22,51,21
23,51,24
24,51,26
25,51,29
26,51,31
27,51,34
28,51,35
29,51,39
30,51,41
31,51,44
32,51,45
33,51,48
34,51,50
35,51,53
36,51,56
37,51,60
38,51,39
39,51,36
40,51,31
41,51,29
42,51,25
43,51,23
44,51,21
45,51,19
46,51,15
47,51,11
48,51,10
49,51,7
50,51,4
51,51,0
52,51,4
53,51,7
54,51,9
55,51,12
56,51,15
57,51,18
58,51,25
59,51,28
60,51,31
61,51,34
62,51,36
63,51,37
64,51,39
65,51,41
66,51,43
67,51,46
68,51,49
1,52,31
2,52,28
3,52,24
4,52,22
5,52,16
6,52,14
7,52,13
8,52,12
9,52,10
10,52,9
11,52,7
12,52,5
13,52,3
14,52,2
15,52,5
16,52,7
17,52,10
18,52,11
19,52,13
20,52,17
21,52,19
22,52,22
23,52,25
24,52,27
25,52,30
26,52,32
27,52,35
28,52,36
29,52,40
30,52,42
31,52,45
32,52,46
33,52,49
34,52,51
35,52,54
36,52,57
37,52,61
38,52,41
39,52,38
40,52,33
41,52,31
42,52,27
43,52,25
44,52,23
45,52,21
46,52,19
47,52,11
48,52,11
49,52,10
50,52,7
51,52,4
52,52,0
53,52,4
54,52,7
55,52,9
56,52,12
57,52,15
58,52,18
59,52,25
60,52,28
61,52,31
62,52,34
63,52,36
64,52,37
65,52,39
66,52,41
67,52,43
68,52,46
1,53,34
2,53,31
3,53,27
4,53,25
5,53,19
6,53,17
7,53,16
8,53,15
9,53,13
10,53,12
11,53,10
12,53,8
13,53,6
14,53,5
15,53,8
16,53,10
17,53,13
18,53,14
19,53,16
20,53,20
21,53,22
22,53,25
23,53,28
24,53,30
25,53,33
26,53,35
27,53,38
28,53,39
29,53,43
30,53,45
31,53,48
32,53,49
33,53,52
34,53,54
35,53,57
36,53,60
37,53,64
38,53,43
39,53,40
40,53,35
41,53,33
42,53,30
43,53,28
44,53,25
45,53,24
46,53,21
47,53,16
48,53,11
49,53,11
50,53,10
51,53,7
52,53,4
53,53,0
54,53,4
55,53,7
56,53,9
57,53,12
58,53,15
59,53,18
60,53,25
61,53,28
62,53,31
63,53,34
64,53,36
65,53,37
66,53,39
67,53,41
68,53,43
1,54,36
2,54,33
3,54,29
4,54,27
5,54,21
6,54,19
7,54,18
8,54,17
9,54,15
10,54,14
11,54,12
12,54,10
13,54,8
14,54,7
15,54,10
16,54,12
17,54,15
18,54,16
19,54,18
20,54,22
21,54,24
22,54,27
23,54,30
24,54,32
25,54,35
26,54,37
27,54,40
28,54,41
29,54,45
30,54,47
31,54,50
32,54,51
33,54,54
34,54,56
35,54,59
36,54,62
37,54,66
38,54,46
39,54,43
40,54,38
41,54,36
42,54,32
43,54,30
44,54,28
45,54,26
46,54,23
47,54,21
48,54,16
49,54,11
50,54,11
51,54,10
52,54,7
53,54,4
54,54,0
55,54,4
56,54,7
57,54,9
58,54,12
59,54,15
60,54,18
61,54,25
62,54,28
63,54,31
64,54,34
65,54,36
66,54,37
67,54,39
68,54,41
1,55,39
2,55,36
3,55,32
4,55,30
5,55,24
6,55,22
7,55,21
8,55,20
9,55,18
10,55,17
11,55,15
12,55,13
13,55,11
14,55,10
15,55,13
16,55,15
17,55,18
18,55,19
19,55,21
20,55,25
21,55,27
22,55,30
23,55,33
24,55,35
25,55,38
26,55,40
27,55,43
28,55,44
29,55,48
30,55,50
31,55,53
32,55,54
33,55,57
34,55,59
35,55,62
36,55,65
37,55,69
38,55,49
39,55,46
40,55,41
41,55,39
42,55,35
43,55,33
44,55,31
45,55,29
46,55,25
47,55,23
48,55,21
49,55,16
50,55,11
51,55,11
52,55,10
53,55,7
54,55,4
55,55,0
56,55,4
57,55,7
58,55,9
59,55,12
60,55,15
61,55,18
62,55,25
63,55,28
64,55,31
65,55,34
66,55,36
67,55,37
68,55,39
1,56,40
2,56,37
3,56,33
4,56,31
5,56,25
6,56,23
7,56,22
8,56,21
9,56,19
10,56,18
11,56,16
12,56,14
13,56,12
14,56,11
15,56,14
16,56,16
17,56,19
18,56,20
19,56,22
20,56,26
21,56,28
22,56,31
23,56,34
24,56,36
25,56,39
26,56,41
27,56,44
28,56,45
29,56,49
30,56,51
31,56,54
32,56,55
33,56,58
34,56,60
35,56,63
36,56,66
37,56,70
38,56,50
39,56,47
40,56,44
41,56,40
42,56,36
43,56,34
44,56,32
45,56,30
46,56,28
47,56,25
48,56,23
49,56,21
50,56,16
51,56,11
52,56,11
53,56,10
54,56,7
55,56,4
56,56,0
57,56,4
58,56,7
59,56,9
60,56,12
61,56,15
62,56,18
63,56,25
64,56,28
65,56,31
66,56,34
67,56,36
68,56,37
1,57,44
2,57,41
3,57,37
4,57,35
5,57,29
6,57,27
7,57,26
8,57,25
9,57,23
10,57,22
11,57,20
12,57,18
13,57,16
14,57,15
15,57,18
16,57,20
17,57,23
18,57,24
19,57,26
20,57,30
21,57,32
22,57,35
23,57,38
24,57,40
25,57,43
26,57,45
27,57,48
28,57,49
29,57,53
30,57,55
31,57,58
32,57,59
33,57,62
34,57,64
35,57,67
36,57,70
37,57,74
38,57,54
39,57,51
40,57,46
41,57,44
42,57,40
43,57,38
44,57,36
45,57,34
46,57,30
47,57,28
48,57,25
49,57,23
50,57,21
51,57,16
52,57,11
53,57,11
54,57,10
55,57,7
56,57,4
57,57,0
58,57,4
59,57,7
60,57,9
61,57,12
62,57,15
63,57,18
64,57,25
65,57,28
66,57,31
67,57,34
68,57,36
1,58,46
2,58,43
3,58,39
4,58,37
5,58,31
6,58,29
7,58,28
8,58,27
9,58,25
10,58,24
11,58,22
12,58,20
13,58,18
14,58,17
15,58,20
16,58,22
17,58,25
18,58,26
19,58,28
20,58,32
21,58,34
22,58,37
23,58,40
24,58,42
25,58,45
26,58,47
27,58,50
28,58,51
29,58,55
30,58,57
31,58,60
32,58,61
33,58,64
34,58,66
35,58,69
36,58,72
37,58,76
38,58,56
39,58,53
40,58,48
41,58,46
42,58,42
43,58,40
44,58,38
45,58,36
46,58,33
47,58,30
48,58,28
49,58,25
50,58,23
51,58,21
52,58,16
53,58,11
54,58,11
55,58,10
56,58,7
57,58,4
58,58,0
59,58,4
60,58,7
61,58,9
62,58,12
63,58,15
64,58,18
65,58,25
66,58,28
67,58,31
68,58,34
1,59,48
2,59,45
3,59,41
4,59,39
5,59,33
6,59,31
7,59,30
8,59,29
9,59,27
10,59,26
11,59,24
12,59,22
13,59,20
14,59,19
15,59,22
16,59,24
17,59,27
18,59,28
19,59,30
20,59,34
21,59,36
22,59,39
23,59,42
24,59,44
25,59,47
26,59,49
27,59,52
28,59,53
29,59,57
30,59,59
31,59,62
32,59,63
33,59,66
34,59,68
35,59,71
36,59,74
37,59,78
38,59,58
39,59,61
40,59,50
41,59,48
42,59,44
43,59,42
44,59,40
45,59,38
46,59,35
47,59,33
48,59,30
49,59,28
50,59,25
51,59,23
52,59,21
53,59,16
54,59,11
55,59,11
56,59,10
57,59,7
58,59,4
59,59,0
60,59,4
61,59,7
62,59,9
63,59,12
64,59,15
65,59,18
66,59,25
67,59,28
68,59,31
1,60,51
2,60,48
3,60,44
4,60,42
5,60,36
6,60,34
7,60,33
8,60,32
9,60,30
10,60,29
11,60,27
12,60,25
13,60,23
14,60,22
15,60,25
16,60,27
17,60,30
18,60,31
19,60,33
20,60,37
21,60,39
22,60,42
23,60,45
24,60,47
25,60,50
26,60,52
27,60,55
28,60,56
29,60,60
30,60,62
31,60,65
32,60,66
33,60,69
34,60,71
35,60,74
36,60,77
37,60,81
38,60,61
39,60,64
40,60,53
41,60,51
42,60,47
43,60,45
44,60,43
45,60,41
46,60,38
47,60,35
48,60,33
49,60,30
50,60,28
51,60,25
52,60,23
53,60,21
54,60,16
55,60,11
56,60,11
57,60,10
58,60,7
59,60,4
60,60,0
61,60,4
62,60,7
63,60,9
64,60,12
65,60,15
66,60,18
67,60,25
68,60,28
1,61,53
2,61,50
3,61,46
4,61,44
5,61,38
6,61,36
7,61,35
8,61,34
9,61,32
10,61,31
11,61,29
12,61,27
13,61,25
14,61,24
15,61,27
16,61,29
17,61,32
18,61,33
19,61,35
20,61,39
21,61,41
22,61,44
23,61,47
24,61,49
25,61,52
26,61,54
27,61,57
28,61,58
29,61,62
30,61,64
31,61,67
32,61,68
33,61,71
34,61,73
35,61,76
36,61,79
37,61,83
38,61,63
39,61,66
40,61,55
41,61,53
42,61,49
43,61,47
44,61,45
45,61,43
46,61,40
47,61,38
48,61,35
49,61,33
50,61,30
51,61,28
52,61,25
53,61,23
54,61,21
55,61,16
56,61,11
57,61,11
58,61,10
59,61,7
60,61,4
61,61,0
62,61,4
63,61,7
64,61,9
65,61,12
66,61,15
67,61,18
68,61,25
1,62,56
2,62,53
3,62,49
4,62,47
5,62,41
6,62,39
7,62,38
8,62,37
9,62,35
10,62,34
11,62,32
12,62,30
13,62,28
14,62,27
15,62,30
16,62,32
17,62,35
18,62,36
19,62,38
20,62,42
21,62,44
22,62,47
23,62,50
24,62,52
25,62,55
26,62,57
27,62,60
28,62,61
29,62,65
30,62,67
31,62,70
32,62,71
33,62,74
34,62,76
35,62,79
36,62,82
37,62,86
38,62,66
39,62,69
40,62,58
41,62,56
42,62,52
43,62,50
44,62,48
45,62,46
46,62,43
47,62,40
48,62,38
49,62,35
50,62,33
51,62,30
52,62,28
53,62,25
54,62,23
55,62,21
56,62,16
57,62,11
58,62,11
59,62,10
60,62,7
61,62,4
62,62,0
63,62,4
64,62,7
65,62,9
66,62,12
67,62,15
68,62,18
1,63,58
2,63,55
3,63,51
4,63,49
5,63,43
6,63,41
7,63,40
8,63,39
9,63,37
10,63,36
11,63,34
12,63,32
13,63,30
14,63,29
15,63,32
16,63,34
17,63,37
18,63,38
19,63,40
20,63,44
21,63,46
22,63,49
23,63,52
24,63,54
25,63,57
26,63,59
27,63,62
28,63,63
29,63,67
30,63,69
31,63,72
32,63,73
33,63,76
34,63,78
35,63,81
36,63,84
37,63,88
38,63,68
39,63,71
40,63,60
41,63,58
42,63,54
43,63,52
44,63,50
45,63,48
46,63,46
47,63,43
48,63,40
49,63,38
50,63,35
51,63,33
52,63,30
53,63,28
54,63,25
55,63,23
56,63,21
57,63,16
58,63,11
59,63,11
60,63,10
61,63,7
62,63,4
63,63,0
64,63,4
65,63,7
66,63,9
67,63,12
68,63,21
1,64,60
2,64,57
3,64,53
4,64,51
5,64,45
6,64,43
7,64,42
8,64,41
9,64,39
10,64,38
11,64,36
12,64,34
13,64,32
14,64,31
15,64,34
16,64,36
17,64,39
18,64,40
19,64,42
20,64,46
21,64,48
22,64,51
23,64,54
24,64,56
25,64,59
26,64,61
27,64,64
28,64,65
29,64,69
30,64,71
31,64,74
32,64,75
33,64,78
34,64,80
35,64,83
36,64,86
37,64,90
38,64,70
39,64,73
40,64,62
41,64,60
42,64,56
43,64,54
44,64,52
45,64,50
46,64,48
47,64,46
48,64,43
49,64,40
50,64,38
51,64,35
52,64,33
53,64,30
54,64,28
55,64,25
56,64,23
57,64,21
58,64,16
59,64,11
60,64,11
61,64,10
62,64,7
63,64,4
64,64,0
65,64,4
66,64,7
67,64,9
68,64,19
1,65,63
2,65,60
3,65,56
4,65,54
5,65,48
6,65,46
7,65,45
8,65,44
9,65,42
10,65,41
11,65,39
12,65,37
13,65,35
14,65,34
15,65,37
16,65,39
17,65,42
18,65,43
19,65,45
20,65,49
21,65,51
22,65,54
23,65,57
24,65,59
25,65,62
26,65,64
27,65,67
28,65,68
29,65,72
30,65,74
31,65,77
32,65,78
33,65,81
34,65,83
35,65,86
36,65,89
37,65,93
38,65,73
39,65,76
40,65,65
41,65,63
42,65,59
43,65,57
44,65,55
45,65,53
46,65,50
47,65,48
48,65,46
49,65,43
50,65,40
51,65,38
52,65,35
53,65,33
54,65,30
55,65,28
56,65,25
57,65,23
58,65,21
59,65,16
60,65,11
61,65,11
62,65,10
63,65,7
64,65,4
65,65,0
66,65,4
67,65,7
68,65,15
1,66,67
2,66,64
3,66,60
4,66,58
5,66,52
6,66,50
7,66,49
8,66,48
9,66,46
10,66,45
11,66,43
12,66,41
13,66,39
14,66,38
15,66,41
16,66,43
17,66,46
18,66,47
19,66,49
20,66,53
21,66,55
22,66,58
23,66,61
24,66,63
25,66,66
26,66,68
27,66,71
28,66,72
29,66,76
30,66,78
31,66,81
32,66,82
33,66,85
34,66,87
35,66,90
36,66,93
37,66,97
38,66,77
39,66,70
40,66,69
41,66,67
42,66,63
43,66,61
44,66,59
45,66,57
46,66,53
47,66,50
48,66,48
49,66,46
50,66,43
51,66,40
52,66,38
53,66,35
54,66,33
55,66,30
56,66,28
57,66,25
58,66,23
59,66,21
60,66,16
61,66,11
62,66,11
63,66,10
64,66,7
65,66,4
66,66,0
67,66,4
68,66,5
1,67,68
2,67,65
3,67,61
4,67,59
5,67,53
6,67,51
7,67,50
8,67,49
9,67,47
10,67,46
11,67,44
12,67,42
13,67,40
14,67,39
15,67,42
16,67,44
17,67,47
18,67,48
19,67,50
20,67,54
21,67,56
22,67,59
23,67,62
24,67,64
25,67,67
26,67,69
27,67,72
28,67,73
29,67,77
30,67,79
31,67,82
32,67,83
33,67,86
34,67,88
35,67,91
36,67,94
37,67,98
38,67,78
39,67,71
40,67,70
41,67,68
42,67,64
43,67,62
44,67,60
45,67,58
46,67,55
47,67,53
48,67,50
49,67,48
50,67,46
51,67,43
52,67,40
53,67,38
54,67,35
55,67,33
56,67,30
57,67,28
58,67,25
59,67,23
60,67,21
61,67,16
62,67,11
63,67,11
64,67,10
65,67,7
66,67,4
67,67,0
68,67,3
1,68,71
2,68,68
3,68,64
4,68,62
5,68,56
6,68,54
7,68,53
8,68,52
9,68,50
10,68,49
11,68,47
12,68,45
13,68,43
14,68,42
15,68,45
16,68,47
17,68,50
18,68,51
19,68,53
20,68,57
21,68,59
22,68,62
23,68,65
24,68,67
25,68,70
26,68,72
27,68,75
28,68,76
29,68,80
30,68,82
31,68,85
32,68,86
33,68,89
34,68,91
35,68,94
36,68,97
37,68,101
38,68,81
39,68,74
40,68,73
41,68,71
42,68,67
43,68,65
44,68,63
45,68,61
46,68,58
47,68,55
48,68,53
49,68,50
50,68,48
51,68,46
52,68,43
53,68,40
54,68,38
55,68,35
56,68,33
57,68,30
58,68,28
59,68,25
60,68,23
61,68,21
62,68,16
63,68,11
64,68,11
65,68,10
66,68,7
67,68,4
68,68,0
